AHR_HUMAN.H11MO.0.B	Basic helix-loop-helix factors (bHLH){1.2}
AIRE_HUMAN.H11MO.0.C	SAND domain factors{5.3}
ALX1_HUMAN.H11MO.0.B	Homeo domain factors{3.1}
ALX3_HUMAN.H11MO.0.D	Homeo domain factors{3.1}
ALX4_HUMAN.H11MO.0.D	Homeo domain factors{3.1}
ANDR_HUMAN.H11MO.0.A	Nuclear receptors with C4 zinc fingers{2.1}
ANDR_HUMAN.H11MO.1.A	Nuclear receptors with C4 zinc fingers{2.1}
ANDR_HUMAN.H11MO.2.A	Nuclear receptors with C4 zinc fingers{2.1}
ARI3A_HUMAN.H11MO.0.D	ARID domain factors{3.7}
ARI5B_HUMAN.H11MO.0.C	ARID domain factors{3.7}
ARNT_HUMAN.H11MO.0.B	Basic helix-loop-helix factors (bHLH){1.2}
ARNT2_HUMAN.H11MO.0.D	Basic helix-loop-helix factors (bHLH){1.2}
BMAL1_HUMAN.H11MO.0.A	Basic helix-loop-helix factors (bHLH){1.2}
ARX_HUMAN.H11MO.0.D	Homeo domain factors{3.1}
ASCL1_HUMAN.H11MO.0.A	Basic helix-loop-helix factors (bHLH){1.2}
ASCL2_HUMAN.H11MO.0.D	Basic helix-loop-helix factors (bHLH){1.2}
ATF1_HUMAN.H11MO.0.B	Basic leucine zipper factors (bZIP){1.1}
ATF2_HUMAN.H11MO.0.B	Basic leucine zipper factors (bZIP){1.1}
ATF2_HUMAN.H11MO.1.B	Basic leucine zipper factors (bZIP){1.1}
ATF2_HUMAN.H11MO.2.C	Basic leucine zipper factors (bZIP){1.1}
ATF3_HUMAN.H11MO.0.A	Basic leucine zipper factors (bZIP){1.1}
ATF4_HUMAN.H11MO.0.A	Basic leucine zipper factors (bZIP){1.1}
ATF6A_HUMAN.H11MO.0.B	Basic leucine zipper factors (bZIP){1.1}
ATF7_HUMAN.H11MO.0.D	Basic leucine zipper factors (bZIP){1.1}
ATOH1_HUMAN.H11MO.0.B	Basic helix-loop-helix factors (bHLH){1.2}
BACH1_HUMAN.H11MO.0.A	Basic leucine zipper factors (bZIP){1.1}
BACH2_HUMAN.H11MO.0.A	Basic leucine zipper factors (bZIP){1.1}
BARH1_HUMAN.H11MO.0.D	Homeo domain factors{3.1}
BARH2_HUMAN.H11MO.0.D	Homeo domain factors{3.1}
BARX1_HUMAN.H11MO.0.D	Homeo domain factors{3.1}
BARX2_HUMAN.H11MO.0.D	Homeo domain factors{3.1}
BATF_HUMAN.H11MO.0.A	Basic leucine zipper factors (bZIP){1.1}
BATF_HUMAN.H11MO.1.A	Basic leucine zipper factors (bZIP){1.1}
BATF3_HUMAN.H11MO.0.B	Basic leucine zipper factors (bZIP){1.1}
BC11A_HUMAN.H11MO.0.A	C2H2 zinc finger factors{2.3}
BCL6_HUMAN.H11MO.0.A	C2H2 zinc finger factors{2.3}
BCL6B_HUMAN.H11MO.0.D	C2H2 zinc finger factors{2.3}
BHA15_HUMAN.H11MO.0.B	Basic helix-loop-helix factors (bHLH){1.2}
BHE22_HUMAN.H11MO.0.D	Basic helix-loop-helix factors (bHLH){1.2}
BHE23_HUMAN.H11MO.0.D	Basic helix-loop-helix factors (bHLH){1.2}
BHE40_HUMAN.H11MO.0.A	Basic helix-loop-helix factors (bHLH){1.2}
BHE41_HUMAN.H11MO.0.D	Basic helix-loop-helix factors (bHLH){1.2}
BPTF_HUMAN.H11MO.0.D	unknown
BRCA1_HUMAN.H11MO.0.D	unknown
BSH_HUMAN.H11MO.0.D	Homeo domain factors{3.1}
PEBB_HUMAN.H11MO.0.C	unknown
CDC5L_HUMAN.H11MO.0.D	Tryptophan cluster factors{3.5}
CDX1_HUMAN.H11MO.0.C	Homeo domain factors{3.1}
CDX2_HUMAN.H11MO.0.A	Homeo domain factors{3.1}
CEBPA_HUMAN.H11MO.0.A	Basic leucine zipper factors (bZIP){1.1}
CEBPB_HUMAN.H11MO.0.A	Basic leucine zipper factors (bZIP){1.1}
CEBPD_HUMAN.H11MO.0.C	Basic leucine zipper factors (bZIP){1.1}
CEBPE_HUMAN.H11MO.0.A	Basic leucine zipper factors (bZIP){1.1}
CEBPG_HUMAN.H11MO.0.B	Basic leucine zipper factors (bZIP){1.1}
CEBPZ_HUMAN.H11MO.0.D	unknown
CENPB_HUMAN.H11MO.0.D	unknown
CLOCK_HUMAN.H11MO.0.C	Basic helix-loop-helix factors (bHLH){1.2}
CPEB1_HUMAN.H11MO.0.D	unknown
CREB1_HUMAN.H11MO.0.A	Basic leucine zipper factors (bZIP){1.1}
CREB3_HUMAN.H11MO.0.D	Basic leucine zipper factors (bZIP){1.1}
CR3L1_HUMAN.H11MO.0.D	Basic leucine zipper factors (bZIP){1.1}
CR3L2_HUMAN.H11MO.0.D	Basic leucine zipper factors (bZIP){1.1}
CREB5_HUMAN.H11MO.0.D	Basic leucine zipper factors (bZIP){1.1}
CREM_HUMAN.H11MO.0.C	Basic leucine zipper factors (bZIP){1.1}
CRX_HUMAN.H11MO.0.B	Homeo domain factors{3.1}
CTCF_HUMAN.H11MO.0.A	C2H2 zinc finger factors{2.3}
CTCFL_HUMAN.H11MO.0.A	C2H2 zinc finger factors{2.3}
CUX1_HUMAN.H11MO.0.C	Homeo domain factors{3.1}
CUX2_HUMAN.H11MO.0.D	Homeo domain factors{3.1}
CXXC1_HUMAN.H11MO.0.D	CXXC zinc finger factors{2.6}
DBP_HUMAN.H11MO.0.B	Basic leucine zipper factors (bZIP){1.1}
DDIT3_HUMAN.H11MO.0.D	Basic leucine zipper factors (bZIP){1.1}
DLX1_HUMAN.H11MO.0.D	Homeo domain factors{3.1}
DLX2_HUMAN.H11MO.0.D	Homeo domain factors{3.1}
DLX3_HUMAN.H11MO.0.C	Homeo domain factors{3.1}
DLX4_HUMAN.H11MO.0.D	Homeo domain factors{3.1}
DLX5_HUMAN.H11MO.0.D	Homeo domain factors{3.1}
DLX6_HUMAN.H11MO.0.D	Homeo domain factors{3.1}
DMBX1_HUMAN.H11MO.0.D	Homeo domain factors{3.1}
DMRT1_HUMAN.H11MO.0.D	DM-type intertwined zinc finger factors{2.5}
DPRX_HUMAN.H11MO.0.D	Homeo domain factors{3.1}
DRGX_HUMAN.H11MO.0.D	Homeo domain factors{3.1}
DUX4_HUMAN.H11MO.0.A	Homeo domain factors{3.1}
DUXA_HUMAN.H11MO.0.D	Homeo domain factors{3.1}
E2F1_HUMAN.H11MO.0.A	Fork head / winged helix factors{3.3}
E2F2_HUMAN.H11MO.0.B	Fork head / winged helix factors{3.3}
E2F3_HUMAN.H11MO.0.A	Fork head / winged helix factors{3.3}
E2F4_HUMAN.H11MO.0.A	Fork head / winged helix factors{3.3}
E2F4_HUMAN.H11MO.1.A	Fork head / winged helix factors{3.3}
E2F5_HUMAN.H11MO.0.B	Fork head / winged helix factors{3.3}
E2F6_HUMAN.H11MO.0.A	Fork head / winged helix factors{3.3}
E2F7_HUMAN.H11MO.0.B	Fork head / winged helix factors{3.3}
E2F8_HUMAN.H11MO.0.D	Fork head / winged helix factors{3.3}
E4F1_HUMAN.H11MO.0.D	C2H2 zinc finger factors{2.3}
COE1_HUMAN.H11MO.0.A	Rel homology region (RHR) factors{6.1}
EGR1_HUMAN.H11MO.0.A	C2H2 zinc finger factors{2.3}
EGR2_HUMAN.H11MO.0.A	C2H2 zinc finger factors{2.3}
EGR2_HUMAN.H11MO.1.A	C2H2 zinc finger factors{2.3}
EGR3_HUMAN.H11MO.0.D	C2H2 zinc finger factors{2.3}
EGR4_HUMAN.H11MO.0.D	C2H2 zinc finger factors{2.3}
EHF_HUMAN.H11MO.0.B	Tryptophan cluster factors{3.5}
ELF1_HUMAN.H11MO.0.A	Tryptophan cluster factors{3.5}
ELF2_HUMAN.H11MO.0.C	Tryptophan cluster factors{3.5}
ELF3_HUMAN.H11MO.0.A	Tryptophan cluster factors{3.5}
ELF5_HUMAN.H11MO.0.A	Tryptophan cluster factors{3.5}
ELK1_HUMAN.H11MO.0.B	Tryptophan cluster factors{3.5}
ELK3_HUMAN.H11MO.0.D	Tryptophan cluster factors{3.5}
ELK4_HUMAN.H11MO.0.A	Tryptophan cluster factors{3.5}
EMX1_HUMAN.H11MO.0.D	Homeo domain factors{3.1}
EMX2_HUMAN.H11MO.0.D	Homeo domain factors{3.1}
HME1_HUMAN.H11MO.0.D	Homeo domain factors{3.1}
HME2_HUMAN.H11MO.0.D	Homeo domain factors{3.1}
EOMES_HUMAN.H11MO.0.D	T-Box factors{6.5}
EPAS1_HUMAN.H11MO.0.B	Basic helix-loop-helix factors (bHLH){1.2}
ERG_HUMAN.H11MO.0.A	Tryptophan cluster factors{3.5}
ESR1_HUMAN.H11MO.0.A	Nuclear receptors with C4 zinc fingers{2.1}
ESR1_HUMAN.H11MO.1.A	Nuclear receptors with C4 zinc fingers{2.1}
ESR2_HUMAN.H11MO.0.A	Nuclear receptors with C4 zinc fingers{2.1}
ESR2_HUMAN.H11MO.1.A	Nuclear receptors with C4 zinc fingers{2.1}
ERR1_HUMAN.H11MO.0.A	Nuclear receptors with C4 zinc fingers{2.1}
ERR2_HUMAN.H11MO.0.A	Nuclear receptors with C4 zinc fingers{2.1}
ERR3_HUMAN.H11MO.0.B	Nuclear receptors with C4 zinc fingers{2.1}
ESX1_HUMAN.H11MO.0.D	Homeo domain factors{3.1}
ETS1_HUMAN.H11MO.0.A	Tryptophan cluster factors{3.5}
ETS2_HUMAN.H11MO.0.B	Tryptophan cluster factors{3.5}
ETV1_HUMAN.H11MO.0.A	Tryptophan cluster factors{3.5}
ETV2_HUMAN.H11MO.0.B	Tryptophan cluster factors{3.5}
ETV3_HUMAN.H11MO.0.D	Tryptophan cluster factors{3.5}
ETV4_HUMAN.H11MO.0.B	Tryptophan cluster factors{3.5}
ETV5_HUMAN.H11MO.0.C	Tryptophan cluster factors{3.5}
ETV6_HUMAN.H11MO.0.D	Tryptophan cluster factors{3.5}
ETV7_HUMAN.H11MO.0.D	Tryptophan cluster factors{3.5}
EVX1_HUMAN.H11MO.0.D	Homeo domain factors{3.1}
EVX2_HUMAN.H11MO.0.A	Homeo domain factors{3.1}
FEV_HUMAN.H11MO.0.B	Tryptophan cluster factors{3.5}
FEZF1_HUMAN.H11MO.0.C	C2H2 zinc finger factors{2.3}
FIGLA_HUMAN.H11MO.0.D	Basic helix-loop-helix factors (bHLH){1.2}
FLI1_HUMAN.H11MO.0.A	Tryptophan cluster factors{3.5}
FLI1_HUMAN.H11MO.1.A	Tryptophan cluster factors{3.5}
FOS_HUMAN.H11MO.0.A	Basic leucine zipper factors (bZIP){1.1}
FOSB_HUMAN.H11MO.0.A	Basic leucine zipper factors (bZIP){1.1}
FOSL1_HUMAN.H11MO.0.A	Basic leucine zipper factors (bZIP){1.1}
FOSL2_HUMAN.H11MO.0.A	Basic leucine zipper factors (bZIP){1.1}
FOXA1_HUMAN.H11MO.0.A	Fork head / winged helix factors{3.3}
FOXA2_HUMAN.H11MO.0.A	Fork head / winged helix factors{3.3}
FOXA3_HUMAN.H11MO.0.B	Fork head / winged helix factors{3.3}
FOXB1_HUMAN.H11MO.0.D	Fork head / winged helix factors{3.3}
FOXC1_HUMAN.H11MO.0.C	Fork head / winged helix factors{3.3}
FOXC2_HUMAN.H11MO.0.D	Fork head / winged helix factors{3.3}
FOXD1_HUMAN.H11MO.0.D	Fork head / winged helix factors{3.3}
FOXD2_HUMAN.H11MO.0.D	Fork head / winged helix factors{3.3}
FOXD3_HUMAN.H11MO.0.D	Fork head / winged helix factors{3.3}
FOXF1_HUMAN.H11MO.0.D	Fork head / winged helix factors{3.3}
FOXF2_HUMAN.H11MO.0.D	Fork head / winged helix factors{3.3}
FOXG1_HUMAN.H11MO.0.D	Fork head / winged helix factors{3.3}
FOXH1_HUMAN.H11MO.0.A	Fork head / winged helix factors{3.3}
FOXI1_HUMAN.H11MO.0.B	Fork head / winged helix factors{3.3}
FOXJ2_HUMAN.H11MO.0.C	Fork head / winged helix factors{3.3}
FOXJ3_HUMAN.H11MO.0.A	Fork head / winged helix factors{3.3}
FOXJ3_HUMAN.H11MO.1.B	Fork head / winged helix factors{3.3}
FOXK1_HUMAN.H11MO.0.A	Fork head / winged helix factors{3.3}
FOXL1_HUMAN.H11MO.0.D	Fork head / winged helix factors{3.3}
FOXM1_HUMAN.H11MO.0.A	Fork head / winged helix factors{3.3}
FOXO1_HUMAN.H11MO.0.A	Fork head / winged helix factors{3.3}
FOXO3_HUMAN.H11MO.0.B	Fork head / winged helix factors{3.3}
FOXO4_HUMAN.H11MO.0.C	Fork head / winged helix factors{3.3}
FOXO6_HUMAN.H11MO.0.D	Fork head / winged helix factors{3.3}
FOXP1_HUMAN.H11MO.0.A	Fork head / winged helix factors{3.3}
FOXP2_HUMAN.H11MO.0.C	Fork head / winged helix factors{3.3}
FOXP3_HUMAN.H11MO.0.D	Fork head / winged helix factors{3.3}
FOXQ1_HUMAN.H11MO.0.C	Fork head / winged helix factors{3.3}
FUBP1_HUMAN.H11MO.0.D	unknown
GABPA_HUMAN.H11MO.0.A	Tryptophan cluster factors{3.5}
GATA1_HUMAN.H11MO.0.A	Other C4 zinc finger-type factors{2.2}
GATA1_HUMAN.H11MO.1.A	Other C4 zinc finger-type factors{2.2}
GATA2_HUMAN.H11MO.0.A	Other C4 zinc finger-type factors{2.2}
GATA2_HUMAN.H11MO.1.A	Other C4 zinc finger-type factors{2.2}
GATA3_HUMAN.H11MO.0.A	Other C4 zinc finger-type factors{2.2}
GATA4_HUMAN.H11MO.0.A	Other C4 zinc finger-type factors{2.2}
GATA5_HUMAN.H11MO.0.D	Other C4 zinc finger-type factors{2.2}
GATA6_HUMAN.H11MO.0.A	Other C4 zinc finger-type factors{2.2}
GBX1_HUMAN.H11MO.0.D	Homeo domain factors{3.1}
GBX2_HUMAN.H11MO.0.D	Homeo domain factors{3.1}
GCM1_HUMAN.H11MO.0.D	GCM domain factors{7.2}
GCM2_HUMAN.H11MO.0.D	GCM domain factors{7.2}
GFI1_HUMAN.H11MO.0.C	C2H2 zinc finger factors{2.3}
GFI1B_HUMAN.H11MO.0.A	C2H2 zinc finger factors{2.3}
GLI1_HUMAN.H11MO.0.D	C2H2 zinc finger factors{2.3}
GLI2_HUMAN.H11MO.0.D	C2H2 zinc finger factors{2.3}
GLI3_HUMAN.H11MO.0.B	C2H2 zinc finger factors{2.3}
GLIS1_HUMAN.H11MO.0.D	C2H2 zinc finger factors{2.3}
GLIS2_HUMAN.H11MO.0.D	C2H2 zinc finger factors{2.3}
GLIS3_HUMAN.H11MO.0.D	C2H2 zinc finger factors{2.3}
GMEB2_HUMAN.H11MO.0.D	SAND domain factors{5.3}
GRHL1_HUMAN.H11MO.0.D	Grainyhead domain factors{6.7}
GRHL2_HUMAN.H11MO.0.A	Grainyhead domain factors{6.7}
GSC_HUMAN.H11MO.0.D	Homeo domain factors{3.1}
GSC2_HUMAN.H11MO.0.D	Homeo domain factors{3.1}
GSX1_HUMAN.H11MO.0.D	Homeo domain factors{3.1}
GSX2_HUMAN.H11MO.0.D	Homeo domain factors{3.1}
HAND1_HUMAN.H11MO.0.D	Basic helix-loop-helix factors (bHLH){1.2}
HAND1_HUMAN.H11MO.1.D	Basic helix-loop-helix factors (bHLH){1.2}
HBP1_HUMAN.H11MO.0.D	High-mobility group (HMG) domain factors{4.1}
HES1_HUMAN.H11MO.0.D	Basic helix-loop-helix factors (bHLH){1.2}
HES5_HUMAN.H11MO.0.D	Basic helix-loop-helix factors (bHLH){1.2}
HES7_HUMAN.H11MO.0.D	Basic helix-loop-helix factors (bHLH){1.2}
HESX1_HUMAN.H11MO.0.D	Homeo domain factors{3.1}
HEY1_HUMAN.H11MO.0.D	Basic helix-loop-helix factors (bHLH){1.2}
HEY2_HUMAN.H11MO.0.D	Basic helix-loop-helix factors (bHLH){1.2}
HIC1_HUMAN.H11MO.0.C	C2H2 zinc finger factors{2.3}
HIC2_HUMAN.H11MO.0.D	C2H2 zinc finger factors{2.3}
HIF1A_HUMAN.H11MO.0.C	Basic helix-loop-helix factors (bHLH){1.2}
HINFP_HUMAN.H11MO.0.C	C2H2 zinc finger factors{2.3}
ZEP1_HUMAN.H11MO.0.D	C2H2 zinc finger factors{2.3}
ZEP2_HUMAN.H11MO.0.D	C2H2 zinc finger factors{2.3}
HLF_HUMAN.H11MO.0.C	Basic leucine zipper factors (bZIP){1.1}
HLTF_HUMAN.H11MO.0.D	unknown
HMBX1_HUMAN.H11MO.0.D	Homeo domain factors{3.1}
HMGA1_HUMAN.H11MO.0.D	A.T hook factors{8.2}
HMGA2_HUMAN.H11MO.0.D	A.T hook factors{8.2}
HMX1_HUMAN.H11MO.0.D	Homeo domain factors{3.1}
HMX2_HUMAN.H11MO.0.D	Homeo domain factors{3.1}
HMX3_HUMAN.H11MO.0.D	Homeo domain factors{3.1}
HNF1A_HUMAN.H11MO.0.C	Homeo domain factors{3.1}
HNF1B_HUMAN.H11MO.0.A	Homeo domain factors{3.1}
HNF1B_HUMAN.H11MO.1.A	Homeo domain factors{3.1}
HNF4A_HUMAN.H11MO.0.A	Nuclear receptors with C4 zinc fingers{2.1}
HNF4G_HUMAN.H11MO.0.B	Nuclear receptors with C4 zinc fingers{2.1}
HOMEZ_HUMAN.H11MO.0.D	Homeo domain factors{3.1}
HXA1_HUMAN.H11MO.0.C	Homeo domain factors{3.1}
HXA10_HUMAN.H11MO.0.C	Homeo domain factors{3.1}
HXA11_HUMAN.H11MO.0.D	Homeo domain factors{3.1}
HXA13_HUMAN.H11MO.0.C	Homeo domain factors{3.1}
HXA2_HUMAN.H11MO.0.D	Homeo domain factors{3.1}
HXA5_HUMAN.H11MO.0.D	Homeo domain factors{3.1}
HXA7_HUMAN.H11MO.0.D	Homeo domain factors{3.1}
HXA9_HUMAN.H11MO.0.B	Homeo domain factors{3.1}
HXB1_HUMAN.H11MO.0.D	Homeo domain factors{3.1}
HXB13_HUMAN.H11MO.0.A	Homeo domain factors{3.1}
HXB2_HUMAN.H11MO.0.D	Homeo domain factors{3.1}
HXB3_HUMAN.H11MO.0.D	Homeo domain factors{3.1}
HXB4_HUMAN.H11MO.0.B	Homeo domain factors{3.1}
HXB6_HUMAN.H11MO.0.D	Homeo domain factors{3.1}
HXB7_HUMAN.H11MO.0.C	Homeo domain factors{3.1}
HXB8_HUMAN.H11MO.0.C	Homeo domain factors{3.1}
HXC10_HUMAN.H11MO.0.D	Homeo domain factors{3.1}
HXC11_HUMAN.H11MO.0.D	Homeo domain factors{3.1}
HXC12_HUMAN.H11MO.0.D	Homeo domain factors{3.1}
HXC13_HUMAN.H11MO.0.D	Homeo domain factors{3.1}
HXC6_HUMAN.H11MO.0.D	Homeo domain factors{3.1}
HXC8_HUMAN.H11MO.0.D	Homeo domain factors{3.1}
HXC9_HUMAN.H11MO.0.C	Homeo domain factors{3.1}
HXD10_HUMAN.H11MO.0.D	Homeo domain factors{3.1}
HXD11_HUMAN.H11MO.0.D	Homeo domain factors{3.1}
HXD12_HUMAN.H11MO.0.D	Homeo domain factors{3.1}
HXD13_HUMAN.H11MO.0.D	Homeo domain factors{3.1}
HXD3_HUMAN.H11MO.0.D	Homeo domain factors{3.1}
HXD4_HUMAN.H11MO.0.D	Homeo domain factors{3.1}
HXD8_HUMAN.H11MO.0.D	Homeo domain factors{3.1}
HXD9_HUMAN.H11MO.0.D	Homeo domain factors{3.1}
HSF1_HUMAN.H11MO.0.A	Heat shock factors{3.4}
HSF1_HUMAN.H11MO.1.A	Heat shock factors{3.4}
HSF2_HUMAN.H11MO.0.A	Heat shock factors{3.4}
HSF4_HUMAN.H11MO.0.D	Heat shock factors{3.4}
HSFY1_HUMAN.H11MO.0.D	Heat shock factors{3.4}
ID4_HUMAN.H11MO.0.D	Basic helix-loop-helix factors (bHLH){1.2}
IKZF1_HUMAN.H11MO.0.C	C2H2 zinc finger factors{2.3}
INSM1_HUMAN.H11MO.0.C	C2H2 zinc finger factors{2.3}
IRF1_HUMAN.H11MO.0.A	Tryptophan cluster factors{3.5}
IRF2_HUMAN.H11MO.0.A	Tryptophan cluster factors{3.5}
IRF3_HUMAN.H11MO.0.B	Tryptophan cluster factors{3.5}
IRF4_HUMAN.H11MO.0.A	Tryptophan cluster factors{3.5}
IRF5_HUMAN.H11MO.0.D	Tryptophan cluster factors{3.5}
IRF7_HUMAN.H11MO.0.C	Tryptophan cluster factors{3.5}
IRF8_HUMAN.H11MO.0.B	Tryptophan cluster factors{3.5}
IRF9_HUMAN.H11MO.0.C	Tryptophan cluster factors{3.5}
IRX2_HUMAN.H11MO.0.D	Homeo domain factors{3.1}
IRX3_HUMAN.H11MO.0.D	Homeo domain factors{3.1}
ISL1_HUMAN.H11MO.0.A	Homeo domain factors{3.1}
ISL2_HUMAN.H11MO.0.D	Homeo domain factors{3.1}
ISX_HUMAN.H11MO.0.D	Homeo domain factors{3.1}
JDP2_HUMAN.H11MO.0.D	Basic leucine zipper factors (bZIP){1.1}
JUN_HUMAN.H11MO.0.A	Basic leucine zipper factors (bZIP){1.1}
JUNB_HUMAN.H11MO.0.A	Basic leucine zipper factors (bZIP){1.1}
JUND_HUMAN.H11MO.0.A	Basic leucine zipper factors (bZIP){1.1}
KLF1_HUMAN.H11MO.0.A	C2H2 zinc finger factors{2.3}
KLF12_HUMAN.H11MO.0.C	C2H2 zinc finger factors{2.3}
KLF13_HUMAN.H11MO.0.D	C2H2 zinc finger factors{2.3}
KLF14_HUMAN.H11MO.0.D	C2H2 zinc finger factors{2.3}
KLF15_HUMAN.H11MO.0.A	C2H2 zinc finger factors{2.3}
KLF16_HUMAN.H11MO.0.D	C2H2 zinc finger factors{2.3}
KLF3_HUMAN.H11MO.0.B	C2H2 zinc finger factors{2.3}
KLF4_HUMAN.H11MO.0.A	C2H2 zinc finger factors{2.3}
KLF5_HUMAN.H11MO.0.A	C2H2 zinc finger factors{2.3}
KLF6_HUMAN.H11MO.0.A	C2H2 zinc finger factors{2.3}
KLF8_HUMAN.H11MO.0.C	C2H2 zinc finger factors{2.3}
KLF9_HUMAN.H11MO.0.C	C2H2 zinc finger factors{2.3}
LBX2_HUMAN.H11MO.0.D	Homeo domain factors{3.1}
LEF1_HUMAN.H11MO.0.A	High-mobility group (HMG) domain factors{4.1}
LHX2_HUMAN.H11MO.0.A	Homeo domain factors{3.1}
LHX3_HUMAN.H11MO.0.C	Homeo domain factors{3.1}
LHX4_HUMAN.H11MO.0.D	Homeo domain factors{3.1}
LHX6_HUMAN.H11MO.0.D	Homeo domain factors{3.1}
LHX8_HUMAN.H11MO.0.D	Homeo domain factors{3.1}
LHX9_HUMAN.H11MO.0.D	Homeo domain factors{3.1}
LMX1A_HUMAN.H11MO.0.D	Homeo domain factors{3.1}
LMX1B_HUMAN.H11MO.0.D	Homeo domain factors{3.1}
LYL1_HUMAN.H11MO.0.A	Basic helix-loop-helix factors (bHLH){1.2}
MAF_HUMAN.H11MO.0.A	Basic leucine zipper factors (bZIP){1.1}
MAF_HUMAN.H11MO.1.B	Basic leucine zipper factors (bZIP){1.1}
MAFA_HUMAN.H11MO.0.D	Basic leucine zipper factors (bZIP){1.1}
MAFB_HUMAN.H11MO.0.B	Basic leucine zipper factors (bZIP){1.1}
MAFF_HUMAN.H11MO.0.B	Basic leucine zipper factors (bZIP){1.1}
MAFF_HUMAN.H11MO.1.B	Basic leucine zipper factors (bZIP){1.1}
MAFG_HUMAN.H11MO.0.A	Basic leucine zipper factors (bZIP){1.1}
MAFG_HUMAN.H11MO.1.A	Basic leucine zipper factors (bZIP){1.1}
MAFK_HUMAN.H11MO.0.A	Basic leucine zipper factors (bZIP){1.1}
MAFK_HUMAN.H11MO.1.A	Basic leucine zipper factors (bZIP){1.1}
MAX_HUMAN.H11MO.0.A	Basic helix-loop-helix factors (bHLH){1.2}
MAZ_HUMAN.H11MO.0.A	C2H2 zinc finger factors{2.3}
MAZ_HUMAN.H11MO.1.A	C2H2 zinc finger factors{2.3}
MBD2_HUMAN.H11MO.0.B	unknown
EVI1_HUMAN.H11MO.0.B	C2H2 zinc finger factors{2.3}
MECP2_HUMAN.H11MO.0.C	unknown
MEF2A_HUMAN.H11MO.0.A	MADS box factors{5.1}
MEF2B_HUMAN.H11MO.0.A	MADS box factors{5.1}
MEF2C_HUMAN.H11MO.0.A	MADS box factors{5.1}
MEF2D_HUMAN.H11MO.0.A	MADS box factors{5.1}
MEIS1_HUMAN.H11MO.0.A	Homeo domain factors{3.1}
MEIS1_HUMAN.H11MO.1.B	Homeo domain factors{3.1}
MEIS2_HUMAN.H11MO.0.B	Homeo domain factors{3.1}
MEIS3_HUMAN.H11MO.0.D	Homeo domain factors{3.1}
MEOX1_HUMAN.H11MO.0.D	Homeo domain factors{3.1}
MEOX2_HUMAN.H11MO.0.D	Homeo domain factors{3.1}
MESP1_HUMAN.H11MO.0.D	Basic helix-loop-helix factors (bHLH){1.2}
MGAP_HUMAN.H11MO.0.D	ambiguous
MITF_HUMAN.H11MO.0.A	Basic helix-loop-helix factors (bHLH){1.2}
MIXL1_HUMAN.H11MO.0.D	Homeo domain factors{3.1}
MLX_HUMAN.H11MO.0.D	Basic helix-loop-helix factors (bHLH){1.2}
MLXPL_HUMAN.H11MO.0.D	Basic helix-loop-helix factors (bHLH){1.2}
MNX1_HUMAN.H11MO.0.D	Homeo domain factors{3.1}
MSX1_HUMAN.H11MO.0.D	Homeo domain factors{3.1}
MSX2_HUMAN.H11MO.0.D	Homeo domain factors{3.1}
MTF1_HUMAN.H11MO.0.C	C2H2 zinc finger factors{2.3}
MXI1_HUMAN.H11MO.0.A	Basic helix-loop-helix factors (bHLH){1.2}
MXI1_HUMAN.H11MO.1.A	Basic helix-loop-helix factors (bHLH){1.2}
MYB_HUMAN.H11MO.0.A	Tryptophan cluster factors{3.5}
MYBA_HUMAN.H11MO.0.D	Tryptophan cluster factors{3.5}
MYBB_HUMAN.H11MO.0.D	Tryptophan cluster factors{3.5}
MYC_HUMAN.H11MO.0.A	Basic helix-loop-helix factors (bHLH){1.2}
MYCN_HUMAN.H11MO.0.A	Basic helix-loop-helix factors (bHLH){1.2}
MYF6_HUMAN.H11MO.0.C	Basic helix-loop-helix factors (bHLH){1.2}
MYNN_HUMAN.H11MO.0.D	C2H2 zinc finger factors{2.3}
MYOD1_HUMAN.H11MO.0.A	Basic helix-loop-helix factors (bHLH){1.2}
MYOD1_HUMAN.H11MO.1.A	Basic helix-loop-helix factors (bHLH){1.2}
MYOG_HUMAN.H11MO.0.B	Basic helix-loop-helix factors (bHLH){1.2}
MZF1_HUMAN.H11MO.0.B	C2H2 zinc finger factors{2.3}
NANOG_HUMAN.H11MO.0.A	Homeo domain factors{3.1}
NANOG_HUMAN.H11MO.1.B	Homeo domain factors{3.1}
NDF1_HUMAN.H11MO.0.A	Basic helix-loop-helix factors (bHLH){1.2}
NDF2_HUMAN.H11MO.0.B	Basic helix-loop-helix factors (bHLH){1.2}
NGN2_HUMAN.H11MO.0.D	Basic helix-loop-helix factors (bHLH){1.2}
NFAT5_HUMAN.H11MO.0.D	Rel homology region (RHR) factors{6.1}
NFAC1_HUMAN.H11MO.0.B	Rel homology region (RHR) factors{6.1}
NFAC1_HUMAN.H11MO.1.B	Rel homology region (RHR) factors{6.1}
NFAC2_HUMAN.H11MO.0.B	Rel homology region (RHR) factors{6.1}
NFAC3_HUMAN.H11MO.0.B	Rel homology region (RHR) factors{6.1}
NFAC4_HUMAN.H11MO.0.C	Rel homology region (RHR) factors{6.1}
NFE2_HUMAN.H11MO.0.A	Basic leucine zipper factors (bZIP){1.1}
NF2L1_HUMAN.H11MO.0.C	Basic leucine zipper factors (bZIP){1.1}
NF2L2_HUMAN.H11MO.0.A	Basic leucine zipper factors (bZIP){1.1}
NFIA_HUMAN.H11MO.0.C	SMAD/NF-1 DNA-binding domain factors{7.1}
NFIA_HUMAN.H11MO.1.D	SMAD/NF-1 DNA-binding domain factors{7.1}
NFIB_HUMAN.H11MO.0.D	SMAD/NF-1 DNA-binding domain factors{7.1}
NFIC_HUMAN.H11MO.0.A	SMAD/NF-1 DNA-binding domain factors{7.1}
NFIC_HUMAN.H11MO.1.A	SMAD/NF-1 DNA-binding domain factors{7.1}
NFIL3_HUMAN.H11MO.0.D	Basic leucine zipper factors (bZIP){1.1}
NFKB1_HUMAN.H11MO.0.A	Rel homology region (RHR) factors{6.1}
NFKB2_HUMAN.H11MO.0.B	Rel homology region (RHR) factors{6.1}
NFYA_HUMAN.H11MO.0.A	Heteromeric CCAAT-binding factors{4.2}
NFYB_HUMAN.H11MO.0.A	Heteromeric CCAAT-binding factors{4.2}
NFYC_HUMAN.H11MO.0.A	Heteromeric CCAAT-binding factors{4.2}
HEN1_HUMAN.H11MO.0.C	Basic helix-loop-helix factors (bHLH){1.2}
NKX21_HUMAN.H11MO.0.A	Homeo domain factors{3.1}
NKX22_HUMAN.H11MO.0.D	Homeo domain factors{3.1}
NKX23_HUMAN.H11MO.0.D	Homeo domain factors{3.1}
NKX25_HUMAN.H11MO.0.B	Homeo domain factors{3.1}
NKX28_HUMAN.H11MO.0.C	Homeo domain factors{3.1}
NKX31_HUMAN.H11MO.0.C	Homeo domain factors{3.1}
NKX32_HUMAN.H11MO.0.C	Homeo domain factors{3.1}
NKX61_HUMAN.H11MO.0.B	Homeo domain factors{3.1}
NKX61_HUMAN.H11MO.1.B	Homeo domain factors{3.1}
NKX62_HUMAN.H11MO.0.D	Homeo domain factors{3.1}
NOBOX_HUMAN.H11MO.0.C	Homeo domain factors{3.1}
NOTO_HUMAN.H11MO.0.D	Homeo domain factors{3.1}
NR0B1_HUMAN.H11MO.0.D	Nuclear receptors with C4 zinc fingers{2.1}
NR1D1_HUMAN.H11MO.0.B	Nuclear receptors with C4 zinc fingers{2.1}
NR1D1_HUMAN.H11MO.1.D	Nuclear receptors with C4 zinc fingers{2.1}
NR1H2_HUMAN.H11MO.0.D	Nuclear receptors with C4 zinc fingers{2.1}
NR1H3_HUMAN.H11MO.0.B	Nuclear receptors with C4 zinc fingers{2.1}
NR1H3_HUMAN.H11MO.1.B	Nuclear receptors with C4 zinc fingers{2.1}
NR1H4_HUMAN.H11MO.0.B	Nuclear receptors with C4 zinc fingers{2.1}
NR1H4_HUMAN.H11MO.1.B	Nuclear receptors with C4 zinc fingers{2.1}
NR1I2_HUMAN.H11MO.0.C	Nuclear receptors with C4 zinc fingers{2.1}
NR1I2_HUMAN.H11MO.1.D	Nuclear receptors with C4 zinc fingers{2.1}
NR1I3_HUMAN.H11MO.0.C	Nuclear receptors with C4 zinc fingers{2.1}
NR1I3_HUMAN.H11MO.1.D	Nuclear receptors with C4 zinc fingers{2.1}
NR2C1_HUMAN.H11MO.0.C	Nuclear receptors with C4 zinc fingers{2.1}
NR2C2_HUMAN.H11MO.0.B	Nuclear receptors with C4 zinc fingers{2.1}
NR2E1_HUMAN.H11MO.0.D	Nuclear receptors with C4 zinc fingers{2.1}
NR2E3_HUMAN.H11MO.0.C	Nuclear receptors with C4 zinc fingers{2.1}
COT1_HUMAN.H11MO.0.C	Nuclear receptors with C4 zinc fingers{2.1}
COT1_HUMAN.H11MO.1.C	Nuclear receptors with C4 zinc fingers{2.1}
COT2_HUMAN.H11MO.0.A	Nuclear receptors with C4 zinc fingers{2.1}
COT2_HUMAN.H11MO.1.A	Nuclear receptors with C4 zinc fingers{2.1}
NR2F6_HUMAN.H11MO.0.D	Nuclear receptors with C4 zinc fingers{2.1}
GCR_HUMAN.H11MO.0.A	Nuclear receptors with C4 zinc fingers{2.1}
GCR_HUMAN.H11MO.1.A	Nuclear receptors with C4 zinc fingers{2.1}
MCR_HUMAN.H11MO.0.D	Nuclear receptors with C4 zinc fingers{2.1}
NR4A1_HUMAN.H11MO.0.A	Nuclear receptors with C4 zinc fingers{2.1}
NR4A2_HUMAN.H11MO.0.C	Nuclear receptors with C4 zinc fingers{2.1}
NR4A3_HUMAN.H11MO.0.D	Nuclear receptors with C4 zinc fingers{2.1}
STF1_HUMAN.H11MO.0.B	Nuclear receptors with C4 zinc fingers{2.1}
NR5A2_HUMAN.H11MO.0.B	Nuclear receptors with C4 zinc fingers{2.1}
NR6A1_HUMAN.H11MO.0.B	Nuclear receptors with C4 zinc fingers{2.1}
NRF1_HUMAN.H11MO.0.A	Uncharacterized{0.0}
NRL_HUMAN.H11MO.0.D	Basic leucine zipper factors (bZIP){1.1}
OLIG1_HUMAN.H11MO.0.D	Basic helix-loop-helix factors (bHLH){1.2}
OLIG2_HUMAN.H11MO.0.B	Basic helix-loop-helix factors (bHLH){1.2}
OLIG2_HUMAN.H11MO.1.B	Basic helix-loop-helix factors (bHLH){1.2}
OLIG3_HUMAN.H11MO.0.D	Basic helix-loop-helix factors (bHLH){1.2}
HNF6_HUMAN.H11MO.0.B	Homeo domain factors{3.1}
ONEC2_HUMAN.H11MO.0.D	Homeo domain factors{3.1}
ONEC3_HUMAN.H11MO.0.D	Homeo domain factors{3.1}
OSR2_HUMAN.H11MO.0.C	C2H2 zinc finger factors{2.3}
OTX1_HUMAN.H11MO.0.D	Homeo domain factors{3.1}
OTX2_HUMAN.H11MO.0.A	Homeo domain factors{3.1}
OVOL1_HUMAN.H11MO.0.C	C2H2 zinc finger factors{2.3}
OVOL2_HUMAN.H11MO.0.D	C2H2 zinc finger factors{2.3}
PATZ1_HUMAN.H11MO.0.C	C2H2 zinc finger factors{2.3}
PATZ1_HUMAN.H11MO.1.C	C2H2 zinc finger factors{2.3}
PAX1_HUMAN.H11MO.0.D	Paired box factors{3.2}
PAX2_HUMAN.H11MO.0.D	Paired box factors{3.2}
PAX3_HUMAN.H11MO.0.D	Paired box factors{3.2}
PAX4_HUMAN.H11MO.0.D	Paired box factors{3.2}
PAX5_HUMAN.H11MO.0.A	Paired box factors{3.2}
PAX6_HUMAN.H11MO.0.C	Paired box factors{3.2}
PAX7_HUMAN.H11MO.0.D	Paired box factors{3.2}
PAX8_HUMAN.H11MO.0.D	Paired box factors{3.2}
PBX1_HUMAN.H11MO.0.A	Homeo domain factors{3.1}
PBX1_HUMAN.H11MO.1.C	Homeo domain factors{3.1}
PBX2_HUMAN.H11MO.0.C	Homeo domain factors{3.1}
PBX3_HUMAN.H11MO.0.A	Homeo domain factors{3.1}
PBX3_HUMAN.H11MO.1.A	Homeo domain factors{3.1}
PDX1_HUMAN.H11MO.0.A	Homeo domain factors{3.1}
PDX1_HUMAN.H11MO.1.A	Homeo domain factors{3.1}
PRGR_HUMAN.H11MO.0.A	Nuclear receptors with C4 zinc fingers{2.1}
PRGR_HUMAN.H11MO.1.A	Nuclear receptors with C4 zinc fingers{2.1}
PHX2A_HUMAN.H11MO.0.D	Homeo domain factors{3.1}
PHX2B_HUMAN.H11MO.0.D	Homeo domain factors{3.1}
PITX1_HUMAN.H11MO.0.D	Homeo domain factors{3.1}
PITX2_HUMAN.H11MO.0.D	Homeo domain factors{3.1}
PITX3_HUMAN.H11MO.0.D	Homeo domain factors{3.1}
PKNX1_HUMAN.H11MO.0.B	Homeo domain factors{3.1}
PLAG1_HUMAN.H11MO.0.D	C2H2 zinc finger factors{2.3}
PLAL1_HUMAN.H11MO.0.D	C2H2 zinc finger factors{2.3}
PIT1_HUMAN.H11MO.0.C	Homeo domain factors{3.1}
PO2F1_HUMAN.H11MO.0.C	Homeo domain factors{3.1}
PO2F2_HUMAN.H11MO.0.A	Homeo domain factors{3.1}
PO2F3_HUMAN.H11MO.0.D	Homeo domain factors{3.1}
PO3F1_HUMAN.H11MO.0.C	Homeo domain factors{3.1}
PO3F2_HUMAN.H11MO.0.A	Homeo domain factors{3.1}
PO3F3_HUMAN.H11MO.0.D	Homeo domain factors{3.1}
PO3F4_HUMAN.H11MO.0.D	Homeo domain factors{3.1}
PO4F1_HUMAN.H11MO.0.D	Homeo domain factors{3.1}
PO4F2_HUMAN.H11MO.0.D	Homeo domain factors{3.1}
PO4F3_HUMAN.H11MO.0.D	Homeo domain factors{3.1}
PO5F1_HUMAN.H11MO.0.A	Homeo domain factors{3.1}
PO5F1_HUMAN.H11MO.1.A	Homeo domain factors{3.1}
P5F1B_HUMAN.H11MO.0.D	Homeo domain factors{3.1}
PO6F1_HUMAN.H11MO.0.D	Homeo domain factors{3.1}
PO6F2_HUMAN.H11MO.0.D	Homeo domain factors{3.1}
PPARA_HUMAN.H11MO.0.B	Nuclear receptors with C4 zinc fingers{2.1}
PPARA_HUMAN.H11MO.1.B	Nuclear receptors with C4 zinc fingers{2.1}
PPARD_HUMAN.H11MO.0.D	Nuclear receptors with C4 zinc fingers{2.1}
PPARG_HUMAN.H11MO.0.A	Nuclear receptors with C4 zinc fingers{2.1}
PPARG_HUMAN.H11MO.1.A	Nuclear receptors with C4 zinc fingers{2.1}
PRDM1_HUMAN.H11MO.0.A	C2H2 zinc finger factors{2.3}
PRD14_HUMAN.H11MO.0.A	C2H2 zinc finger factors{2.3}
PRDM4_HUMAN.H11MO.0.D	C2H2 zinc finger factors{2.3}
PRDM6_HUMAN.H11MO.0.C	C2H2 zinc finger factors{2.3}
PROP1_HUMAN.H11MO.0.D	Homeo domain factors{3.1}
PROX1_HUMAN.H11MO.0.D	Homeo domain factors{3.1}
PRRX1_HUMAN.H11MO.0.D	Homeo domain factors{3.1}
PRRX2_HUMAN.H11MO.0.C	Homeo domain factors{3.1}
PTF1A_HUMAN.H11MO.0.B	Basic helix-loop-helix factors (bHLH){1.2}
PTF1A_HUMAN.H11MO.1.B	Basic helix-loop-helix factors (bHLH){1.2}
PURA_HUMAN.H11MO.0.D	Uncharacterized{0.0}
RARA_HUMAN.H11MO.0.A	Nuclear receptors with C4 zinc fingers{2.1}
RARA_HUMAN.H11MO.1.A	Nuclear receptors with C4 zinc fingers{2.1}
RARA_HUMAN.H11MO.2.A	Nuclear receptors with C4 zinc fingers{2.1}
RARB_HUMAN.H11MO.0.D	Nuclear receptors with C4 zinc fingers{2.1}
RARG_HUMAN.H11MO.0.B	Nuclear receptors with C4 zinc fingers{2.1}
RARG_HUMAN.H11MO.1.B	Nuclear receptors with C4 zinc fingers{2.1}
RARG_HUMAN.H11MO.2.D	Nuclear receptors with C4 zinc fingers{2.1}
RX_HUMAN.H11MO.0.D	Homeo domain factors{3.1}
RAX2_HUMAN.H11MO.0.D	Homeo domain factors{3.1}
SUH_HUMAN.H11MO.0.A	Rel homology region (RHR) factors{6.1}
REL_HUMAN.H11MO.0.B	Rel homology region (RHR) factors{6.1}
TF65_HUMAN.H11MO.0.A	Rel homology region (RHR) factors{6.1}
RELB_HUMAN.H11MO.0.C	Rel homology region (RHR) factors{6.1}
REST_HUMAN.H11MO.0.A	C2H2 zinc finger factors{2.3}
RFX1_HUMAN.H11MO.0.B	Fork head / winged helix factors{3.3}
RFX1_HUMAN.H11MO.1.B	Fork head / winged helix factors{3.3}
RFX2_HUMAN.H11MO.0.A	Fork head / winged helix factors{3.3}
RFX2_HUMAN.H11MO.1.A	Fork head / winged helix factors{3.3}
RFX3_HUMAN.H11MO.0.B	Fork head / winged helix factors{3.3}
RFX4_HUMAN.H11MO.0.D	Fork head / winged helix factors{3.3}
RFX5_HUMAN.H11MO.0.A	Fork head / winged helix factors{3.3}
RFX5_HUMAN.H11MO.1.A	Fork head / winged helix factors{3.3}
RHXF1_HUMAN.H11MO.0.D	Homeo domain factors{3.1}
RORA_HUMAN.H11MO.0.C	Nuclear receptors with C4 zinc fingers{2.1}
RORG_HUMAN.H11MO.0.C	Nuclear receptors with C4 zinc fingers{2.1}
RREB1_HUMAN.H11MO.0.D	C2H2 zinc finger factors{2.3}
RUNX1_HUMAN.H11MO.0.A	Runt domain factors{6.4}
RUNX2_HUMAN.H11MO.0.A	Runt domain factors{6.4}
RUNX3_HUMAN.H11MO.0.A	Runt domain factors{6.4}
RXRA_HUMAN.H11MO.0.A	Nuclear receptors with C4 zinc fingers{2.1}
RXRA_HUMAN.H11MO.1.A	Nuclear receptors with C4 zinc fingers{2.1}
RXRB_HUMAN.H11MO.0.C	Nuclear receptors with C4 zinc fingers{2.1}
RXRG_HUMAN.H11MO.0.B	Nuclear receptors with C4 zinc fingers{2.1}
SALL4_HUMAN.H11MO.0.B	C2H2 zinc finger factors{2.3}
SCRT1_HUMAN.H11MO.0.D	C2H2 zinc finger factors{2.3}
SCRT2_HUMAN.H11MO.0.D	C2H2 zinc finger factors{2.3}
SHOX_HUMAN.H11MO.0.D	Homeo domain factors{3.1}
SHOX2_HUMAN.H11MO.0.D	Homeo domain factors{3.1}
SIX1_HUMAN.H11MO.0.A	Homeo domain factors{3.1}
SIX2_HUMAN.H11MO.0.A	Homeo domain factors{3.1}
SMAD1_HUMAN.H11MO.0.D	SMAD/NF-1 DNA-binding domain factors{7.1}
SMAD2_HUMAN.H11MO.0.A	SMAD/NF-1 DNA-binding domain factors{7.1}
SMAD3_HUMAN.H11MO.0.B	SMAD/NF-1 DNA-binding domain factors{7.1}
SMAD4_HUMAN.H11MO.0.B	SMAD/NF-1 DNA-binding domain factors{7.1}
SMCA1_HUMAN.H11MO.0.C	Tryptophan cluster factors{3.5}
SMCA5_HUMAN.H11MO.0.C	Tryptophan cluster factors{3.5}
SNAI1_HUMAN.H11MO.0.C	C2H2 zinc finger factors{2.3}
SNAI2_HUMAN.H11MO.0.A	C2H2 zinc finger factors{2.3}
SOX1_HUMAN.H11MO.0.D	High-mobility group (HMG) domain factors{4.1}
SOX10_HUMAN.H11MO.0.B	High-mobility group (HMG) domain factors{4.1}
SOX10_HUMAN.H11MO.1.A	High-mobility group (HMG) domain factors{4.1}
SOX11_HUMAN.H11MO.0.D	High-mobility group (HMG) domain factors{4.1}
SOX13_HUMAN.H11MO.0.D	High-mobility group (HMG) domain factors{4.1}
SOX15_HUMAN.H11MO.0.D	High-mobility group (HMG) domain factors{4.1}
SOX17_HUMAN.H11MO.0.C	High-mobility group (HMG) domain factors{4.1}
SOX18_HUMAN.H11MO.0.D	High-mobility group (HMG) domain factors{4.1}
SOX2_HUMAN.H11MO.0.A	High-mobility group (HMG) domain factors{4.1}
SOX2_HUMAN.H11MO.1.A	High-mobility group (HMG) domain factors{4.1}
SOX21_HUMAN.H11MO.0.D	High-mobility group (HMG) domain factors{4.1}
SOX3_HUMAN.H11MO.0.B	High-mobility group (HMG) domain factors{4.1}
SOX4_HUMAN.H11MO.0.B	High-mobility group (HMG) domain factors{4.1}
SOX5_HUMAN.H11MO.0.C	High-mobility group (HMG) domain factors{4.1}
SOX7_HUMAN.H11MO.0.D	High-mobility group (HMG) domain factors{4.1}
SOX8_HUMAN.H11MO.0.D	High-mobility group (HMG) domain factors{4.1}
SOX9_HUMAN.H11MO.0.B	High-mobility group (HMG) domain factors{4.1}
SOX9_HUMAN.H11MO.1.B	High-mobility group (HMG) domain factors{4.1}
SP1_HUMAN.H11MO.0.A	C2H2 zinc finger factors{2.3}
SP1_HUMAN.H11MO.1.A	C2H2 zinc finger factors{2.3}
SP2_HUMAN.H11MO.0.A	C2H2 zinc finger factors{2.3}
SP2_HUMAN.H11MO.1.B	C2H2 zinc finger factors{2.3}
SP3_HUMAN.H11MO.0.B	C2H2 zinc finger factors{2.3}
SP4_HUMAN.H11MO.0.A	C2H2 zinc finger factors{2.3}
SP4_HUMAN.H11MO.1.A	C2H2 zinc finger factors{2.3}
SPDEF_HUMAN.H11MO.0.D	Tryptophan cluster factors{3.5}
SPI1_HUMAN.H11MO.0.A	Tryptophan cluster factors{3.5}
SPIB_HUMAN.H11MO.0.A	Tryptophan cluster factors{3.5}
SPIC_HUMAN.H11MO.0.D	Tryptophan cluster factors{3.5}
SPZ1_HUMAN.H11MO.0.D	unknown
SRBP1_HUMAN.H11MO.0.A	Basic helix-loop-helix factors (bHLH){1.2}
SRBP2_HUMAN.H11MO.0.B	Basic helix-loop-helix factors (bHLH){1.2}
SRF_HUMAN.H11MO.0.A	MADS box factors{5.1}
SRY_HUMAN.H11MO.0.B	High-mobility group (HMG) domain factors{4.1}
STAT1_HUMAN.H11MO.0.A	STAT domain factors{6.2}
STAT1_HUMAN.H11MO.1.A	STAT domain factors{6.2}
STAT2_HUMAN.H11MO.0.A	STAT domain factors{6.2}
STAT3_HUMAN.H11MO.0.A	STAT domain factors{6.2}
STAT4_HUMAN.H11MO.0.A	STAT domain factors{6.2}
STA5A_HUMAN.H11MO.0.A	STAT domain factors{6.2}
STA5B_HUMAN.H11MO.0.A	STAT domain factors{6.2}
STAT6_HUMAN.H11MO.0.B	STAT domain factors{6.2}
TAF1_HUMAN.H11MO.0.A	High-mobility group (HMG) domain factors{4.1}
TAL1_HUMAN.H11MO.0.A	Basic helix-loop-helix factors (bHLH){1.2}
TAL1_HUMAN.H11MO.1.A	Basic helix-loop-helix factors (bHLH){1.2}
TBP_HUMAN.H11MO.0.A	TATA-binding proteins{8.1}
TBR1_HUMAN.H11MO.0.D	T-Box factors{6.5}
TBX1_HUMAN.H11MO.0.D	T-Box factors{6.5}
TBX15_HUMAN.H11MO.0.D	T-Box factors{6.5}
TBX19_HUMAN.H11MO.0.D	T-Box factors{6.5}
TBX2_HUMAN.H11MO.0.D	T-Box factors{6.5}
TBX20_HUMAN.H11MO.0.D	T-Box factors{6.5}
TBX21_HUMAN.H11MO.0.A	T-Box factors{6.5}
TBX3_HUMAN.H11MO.0.C	T-Box factors{6.5}
TBX4_HUMAN.H11MO.0.D	T-Box factors{6.5}
TBX5_HUMAN.H11MO.0.D	T-Box factors{6.5}
BRAC_HUMAN.H11MO.0.A	T-Box factors{6.5}
BRAC_HUMAN.H11MO.1.B	T-Box factors{6.5}
HTF4_HUMAN.H11MO.0.A	Basic helix-loop-helix factors (bHLH){1.2}
TFE2_HUMAN.H11MO.0.A	Basic helix-loop-helix factors (bHLH){1.2}
ITF2_HUMAN.H11MO.0.C	Basic helix-loop-helix factors (bHLH){1.2}
TCF7_HUMAN.H11MO.0.A	High-mobility group (HMG) domain factors{4.1}
TF7L1_HUMAN.H11MO.0.B	High-mobility group (HMG) domain factors{4.1}
TF7L2_HUMAN.H11MO.0.A	High-mobility group (HMG) domain factors{4.1}
TEAD1_HUMAN.H11MO.0.A	TEA domain factors{3.6}
TEAD2_HUMAN.H11MO.0.D	TEA domain factors{3.6}
TEAD3_HUMAN.H11MO.0.D	TEA domain factors{3.6}
TEAD4_HUMAN.H11MO.0.A	TEA domain factors{3.6}
TEF_HUMAN.H11MO.0.D	Basic leucine zipper factors (bZIP){1.1}
AP2A_HUMAN.H11MO.0.A	Basic helix-span-helix factors (bHSH){1.3}
AP2B_HUMAN.H11MO.0.B	Basic helix-span-helix factors (bHSH){1.3}
AP2C_HUMAN.H11MO.0.A	Basic helix-span-helix factors (bHSH){1.3}
AP2D_HUMAN.H11MO.0.D	Basic helix-span-helix factors (bHSH){1.3}
TFAP4_HUMAN.H11MO.0.A	Basic helix-loop-helix factors (bHLH){1.2}
TFCP2_HUMAN.H11MO.0.D	Grainyhead domain factors{6.7}
TFDP1_HUMAN.H11MO.0.C	Fork head / winged helix factors{3.3}
TFE3_HUMAN.H11MO.0.B	Basic helix-loop-helix factors (bHLH){1.2}
TFEB_HUMAN.H11MO.0.C	Basic helix-loop-helix factors (bHLH){1.2}
TGIF1_HUMAN.H11MO.0.A	Homeo domain factors{3.1}
TGIF2_HUMAN.H11MO.0.D	Homeo domain factors{3.1}
TF2LX_HUMAN.H11MO.0.D	Homeo domain factors{3.1}
THAP1_HUMAN.H11MO.0.C	C2CH THAP-type zinc finger factors{2.9}
THA11_HUMAN.H11MO.0.B	C2CH THAP-type zinc finger factors{2.9}
THA_HUMAN.H11MO.0.C	Nuclear receptors with C4 zinc fingers{2.1}
THA_HUMAN.H11MO.1.D	Nuclear receptors with C4 zinc fingers{2.1}
THB_HUMAN.H11MO.0.C	Nuclear receptors with C4 zinc fingers{2.1}
THB_HUMAN.H11MO.1.D	Nuclear receptors with C4 zinc fingers{2.1}
TLX1_HUMAN.H11MO.0.D	Homeo domain factors{3.1}
P53_HUMAN.H11MO.0.A	p53 domain factors{6.3}
P53_HUMAN.H11MO.1.A	p53 domain factors{6.3}
P63_HUMAN.H11MO.0.A	p53 domain factors{6.3}
P63_HUMAN.H11MO.1.A	p53 domain factors{6.3}
P73_HUMAN.H11MO.0.A	p53 domain factors{6.3}
P73_HUMAN.H11MO.1.A	p53 domain factors{6.3}
TWST1_HUMAN.H11MO.0.A	Basic helix-loop-helix factors (bHLH){1.2}
TWST1_HUMAN.H11MO.1.A	Basic helix-loop-helix factors (bHLH){1.2}
UBIP1_HUMAN.H11MO.0.D	Grainyhead domain factors{6.7}
UNC4_HUMAN.H11MO.0.D	Homeo domain factors{3.1}
USF1_HUMAN.H11MO.0.A	Basic helix-loop-helix factors (bHLH){1.2}
USF2_HUMAN.H11MO.0.A	Basic helix-loop-helix factors (bHLH){1.2}
VAX1_HUMAN.H11MO.0.D	Homeo domain factors{3.1}
VAX2_HUMAN.H11MO.0.D	Homeo domain factors{3.1}
VDR_HUMAN.H11MO.0.A	Nuclear receptors with C4 zinc fingers{2.1}
VDR_HUMAN.H11MO.1.A	Nuclear receptors with C4 zinc fingers{2.1}
VENTX_HUMAN.H11MO.0.D	Homeo domain factors{3.1}
VEZF1_HUMAN.H11MO.0.C	C2H2 zinc finger factors{2.3}
VEZF1_HUMAN.H11MO.1.C	C2H2 zinc finger factors{2.3}
VSX1_HUMAN.H11MO.0.D	Homeo domain factors{3.1}
VSX2_HUMAN.H11MO.0.D	Homeo domain factors{3.1}
WT1_HUMAN.H11MO.0.C	C2H2 zinc finger factors{2.3}
WT1_HUMAN.H11MO.1.B	C2H2 zinc finger factors{2.3}
XBP1_HUMAN.H11MO.0.D	Basic leucine zipper factors (bZIP){1.1}
TYY1_HUMAN.H11MO.0.A	C2H2 zinc finger factors{2.3}
TYY2_HUMAN.H11MO.0.D	C2H2 zinc finger factors{2.3}
ZBED1_HUMAN.H11MO.0.D	C2H2 zinc finger factors{2.3}
ZBT14_HUMAN.H11MO.0.C	C2H2 zinc finger factors{2.3}
ZBT17_HUMAN.H11MO.0.A	C2H2 zinc finger factors{2.3}
ZBT18_HUMAN.H11MO.0.C	C2H2 zinc finger factors{2.3}
KAISO_HUMAN.H11MO.0.A	C2H2 zinc finger factors{2.3}
KAISO_HUMAN.H11MO.1.A	C2H2 zinc finger factors{2.3}
KAISO_HUMAN.H11MO.2.A	C2H2 zinc finger factors{2.3}
ZBTB4_HUMAN.H11MO.0.D	C2H2 zinc finger factors{2.3}
ZBTB4_HUMAN.H11MO.1.D	C2H2 zinc finger factors{2.3}
ZBT48_HUMAN.H11MO.0.C	C2H2 zinc finger factors{2.3}
ZBT49_HUMAN.H11MO.0.D	C2H2 zinc finger factors{2.3}
ZBTB6_HUMAN.H11MO.0.C	C2H2 zinc finger factors{2.3}
ZBT7A_HUMAN.H11MO.0.A	C2H2 zinc finger factors{2.3}
ZBT7B_HUMAN.H11MO.0.D	C2H2 zinc finger factors{2.3}
ZEB1_HUMAN.H11MO.0.A	Homeo domain factors{3.1}
ZFHX3_HUMAN.H11MO.0.D	Homeo domain factors{3.1}
ZFP28_HUMAN.H11MO.0.C	C2H2 zinc finger factors{2.3}
ZFP42_HUMAN.H11MO.0.A	C2H2 zinc finger factors{2.3}
ZF64A_HUMAN.H11MO.0.D	C2H2 zinc finger factors{2.3}
ZFP82_HUMAN.H11MO.0.C	C2H2 zinc finger factors{2.3}
ZFX_HUMAN.H11MO.0.A	C2H2 zinc finger factors{2.3}
ZFX_HUMAN.H11MO.1.A	C2H2 zinc finger factors{2.3}
ZIC1_HUMAN.H11MO.0.B	C2H2 zinc finger factors{2.3}
ZIC2_HUMAN.H11MO.0.D	C2H2 zinc finger factors{2.3}
ZIC3_HUMAN.H11MO.0.B	C2H2 zinc finger factors{2.3}
ZIC4_HUMAN.H11MO.0.D	C2H2 zinc finger factors{2.3}
ZIM3_HUMAN.H11MO.0.C	C2H2 zinc finger factors{2.3}
ZKSC1_HUMAN.H11MO.0.B	C2H2 zinc finger factors{2.3}
ZKSC3_HUMAN.H11MO.0.D	C2H2 zinc finger factors{2.3}
ZN121_HUMAN.H11MO.0.C	C2H2 zinc finger factors{2.3}
ZN134_HUMAN.H11MO.0.C	C2H2 zinc finger factors{2.3}
ZN134_HUMAN.H11MO.1.C	C2H2 zinc finger factors{2.3}
ZN136_HUMAN.H11MO.0.C	C2H2 zinc finger factors{2.3}
ZN140_HUMAN.H11MO.0.C	C2H2 zinc finger factors{2.3}
ZN143_HUMAN.H11MO.0.A	C2H2 zinc finger factors{2.3}
OZF_HUMAN.H11MO.0.C	C2H2 zinc finger factors{2.3}
ZN148_HUMAN.H11MO.0.D	C2H2 zinc finger factors{2.3}
ZNF18_HUMAN.H11MO.0.C	C2H2 zinc finger factors{2.3}
ZN214_HUMAN.H11MO.0.C	C2H2 zinc finger factors{2.3}
ZN219_HUMAN.H11MO.0.D	C2H2 zinc finger factors{2.3}
ZN232_HUMAN.H11MO.0.D	C2H2 zinc finger factors{2.3}
ZN250_HUMAN.H11MO.0.C	C2H2 zinc finger factors{2.3}
ZN257_HUMAN.H11MO.0.C	C2H2 zinc finger factors{2.3}
ZN260_HUMAN.H11MO.0.C	C2H2 zinc finger factors{2.3}
ZN263_HUMAN.H11MO.0.A	C2H2 zinc finger factors{2.3}
ZN263_HUMAN.H11MO.1.A	C2H2 zinc finger factors{2.3}
ZN264_HUMAN.H11MO.0.C	C2H2 zinc finger factors{2.3}
ZN274_HUMAN.H11MO.0.A	C2H2 zinc finger factors{2.3}
ZN281_HUMAN.H11MO.0.A	C2H2 zinc finger factors{2.3}
ZN282_HUMAN.H11MO.0.D	C2H2 zinc finger factors{2.3}
ZN317_HUMAN.H11MO.0.C	C2H2 zinc finger factors{2.3}
ZN320_HUMAN.H11MO.0.C	C2H2 zinc finger factors{2.3}
ZN322_HUMAN.H11MO.0.B	C2H2 zinc finger factors{2.3}
Z324A_HUMAN.H11MO.0.C	C2H2 zinc finger factors{2.3}
ZN329_HUMAN.H11MO.0.C	C2H2 zinc finger factors{2.3}
ZN331_HUMAN.H11MO.0.C	C2H2 zinc finger factors{2.3}
ZN333_HUMAN.H11MO.0.D	C2H2 zinc finger factors{2.3}
ZN335_HUMAN.H11MO.0.A	C2H2 zinc finger factors{2.3}
ZN335_HUMAN.H11MO.1.A	C2H2 zinc finger factors{2.3}
ZN341_HUMAN.H11MO.0.C	C2H2 zinc finger factors{2.3}
ZN341_HUMAN.H11MO.1.C	C2H2 zinc finger factors{2.3}
ZN350_HUMAN.H11MO.0.C	C2H2 zinc finger factors{2.3}
ZN350_HUMAN.H11MO.1.D	C2H2 zinc finger factors{2.3}
Z354A_HUMAN.H11MO.0.C	C2H2 zinc finger factors{2.3}
ZN382_HUMAN.H11MO.0.C	C2H2 zinc finger factors{2.3}
ZN384_HUMAN.H11MO.0.C	C2H2 zinc finger factors{2.3}
ZN394_HUMAN.H11MO.0.C	C2H2 zinc finger factors{2.3}
ZN394_HUMAN.H11MO.1.D	C2H2 zinc finger factors{2.3}
ZNF41_HUMAN.H11MO.0.C	C2H2 zinc finger factors{2.3}
ZNF41_HUMAN.H11MO.1.C	C2H2 zinc finger factors{2.3}
ZN410_HUMAN.H11MO.0.D	C2H2 zinc finger factors{2.3}
ZN418_HUMAN.H11MO.0.C	C2H2 zinc finger factors{2.3}
ZN418_HUMAN.H11MO.1.D	C2H2 zinc finger factors{2.3}
ZN423_HUMAN.H11MO.0.D	C2H2 zinc finger factors{2.3}
ZN436_HUMAN.H11MO.0.C	C2H2 zinc finger factors{2.3}
ZN449_HUMAN.H11MO.0.C	C2H2 zinc finger factors{2.3}
ZN467_HUMAN.H11MO.0.C	C2H2 zinc finger factors{2.3}
ZN490_HUMAN.H11MO.0.C	C2H2 zinc finger factors{2.3}
ZN502_HUMAN.H11MO.0.C	C2H2 zinc finger factors{2.3}
ZN524_HUMAN.H11MO.0.D	C2H2 zinc finger factors{2.3}
ZN528_HUMAN.H11MO.0.C	C2H2 zinc finger factors{2.3}
ZN547_HUMAN.H11MO.0.C	C2H2 zinc finger factors{2.3}
ZN549_HUMAN.H11MO.0.C	C2H2 zinc finger factors{2.3}
ZN554_HUMAN.H11MO.0.C	C2H2 zinc finger factors{2.3}
ZN554_HUMAN.H11MO.1.D	C2H2 zinc finger factors{2.3}
ZN563_HUMAN.H11MO.0.C	C2H2 zinc finger factors{2.3}
ZN563_HUMAN.H11MO.1.C	C2H2 zinc finger factors{2.3}
ZN582_HUMAN.H11MO.0.C	C2H2 zinc finger factors{2.3}
ZN586_HUMAN.H11MO.0.C	C2H2 zinc finger factors{2.3}
ZN589_HUMAN.H11MO.0.D	C2H2 zinc finger factors{2.3}
ZN652_HUMAN.H11MO.0.D	C2H2 zinc finger factors{2.3}
ZN667_HUMAN.H11MO.0.C	C2H2 zinc finger factors{2.3}
ZN680_HUMAN.H11MO.0.C	C2H2 zinc finger factors{2.3}
ZN708_HUMAN.H11MO.0.C	C2H2 zinc finger factors{2.3}
ZN708_HUMAN.H11MO.1.D	C2H2 zinc finger factors{2.3}
ZN713_HUMAN.H11MO.0.D	C2H2 zinc finger factors{2.3}
ZN740_HUMAN.H11MO.0.D	C2H2 zinc finger factors{2.3}
ZNF76_HUMAN.H11MO.0.C	C2H2 zinc finger factors{2.3}
ZN768_HUMAN.H11MO.0.C	C2H2 zinc finger factors{2.3}
ZN770_HUMAN.H11MO.0.C	C2H2 zinc finger factors{2.3}
ZN770_HUMAN.H11MO.1.C	C2H2 zinc finger factors{2.3}
ZN784_HUMAN.H11MO.0.D	C2H2 zinc finger factors{2.3}
ZNF8_HUMAN.H11MO.0.C	C2H2 zinc finger factors{2.3}
ZN816_HUMAN.H11MO.0.C	C2H2 zinc finger factors{2.3}
ZN816_HUMAN.H11MO.1.C	C2H2 zinc finger factors{2.3}
ZNF85_HUMAN.H11MO.0.C	C2H2 zinc finger factors{2.3}
ZNF85_HUMAN.H11MO.1.C	C2H2 zinc finger factors{2.3}
ZSC16_HUMAN.H11MO.0.D	C2H2 zinc finger factors{2.3}
ZSC22_HUMAN.H11MO.0.C	C2H2 zinc finger factors{2.3}
ZSC31_HUMAN.H11MO.0.C	C2H2 zinc finger factors{2.3}
ZSCA4_HUMAN.H11MO.0.D	C2H2 zinc finger factors{2.3}
MA0006.1_Ahr::Arnt	Basic helix-loop-helix factors (bHLH){1.2}
MA0854.1_Alx1	Homeo domain factors{3.1}
MA0634.1_ALX3	Homeo domain factors{3.1}
MA0853.1_Alx4	Homeo domain factors{3.1}
MA0007.3_Ar	Nuclear receptors with C4 zinc fingers{2.1}
MA0151.1_Arid3a	ARID domain factors{3.7}
MA0601.1_Arid3b	ARID domain factors{3.7}
MA0602.1_Arid5a	ARID domain factors{3.7}
MA0004.1_Arnt	Basic helix-loop-helix factors (bHLH){1.2}
MA0259.1_ARNT::HIF1A	Basic helix-loop-helix factors (bHLH){1.2}
MA0603.1_Arntl	Basic helix-loop-helix factors (bHLH){1.2}
MA0874.1_Arx	Homeo domain factors{3.1}
MA1100.1_ASCL1	Basic helix-loop-helix factors (bHLH){1.2}
MA0816.1_Ascl2	Basic helix-loop-helix factors (bHLH){1.2}
MA0604.1_Atf1	Basic leucine zipper factors (bZIP){1.1}
MA0605.1_Atf3	Basic leucine zipper factors (bZIP){1.1}
MA0833.1_ATF4	Basic leucine zipper factors (bZIP){1.1}
MA0834.1_ATF7	Basic leucine zipper factors (bZIP){1.1}
MA0461.2_Atoh1	Basic helix-loop-helix factors (bHLH){1.2}
MA0591.1_Bach1::Mafk	Basic leucine zipper factors (bZIP){1.1}
MA1101.1_BACH2	Basic leucine zipper factors (bZIP){1.1}
MA0877.1_Barhl1	Homeo domain factors{3.1}
MA0635.1_BARHL2	Homeo domain factors{3.1}
MA0875.1_BARX1	Homeo domain factors{3.1}
MA0462.1_BATF::JUN	Basic leucine zipper factors (bZIP){1.1}
MA0835.1_BATF3	Basic leucine zipper factors (bZIP){1.1}
MA0463.1_Bcl6	C2H2 zinc finger factors{2.3}
MA0731.1_BCL6B	C2H2 zinc finger factors{2.3}
MA0607.1_Bhlha15	Basic helix-loop-helix factors (bHLH){1.2}
MA0818.1_BHLHE22	Basic helix-loop-helix factors (bHLH){1.2}
MA0817.1_BHLHE23	Basic helix-loop-helix factors (bHLH){1.2}
MA0464.2_BHLHE40	Basic helix-loop-helix factors (bHLH){1.2}
MA0636.1_BHLHE41	Basic helix-loop-helix factors (bHLH){1.2}
MA0876.1_BSX	Homeo domain factors{3.1}
MA0878.1_CDX1	Homeo domain factors{3.1}
MA0465.1_CDX2	Homeo domain factors{3.1}
MA0019.1_Ddit3::Cebpa	Basic leucine zipper factors (bZIP){1.1}
MA0102.3_CEBPA	Basic leucine zipper factors (bZIP){1.1}
MA0466.2_CEBPB	Basic leucine zipper factors (bZIP){1.1}
MA0836.1_CEBPD	Basic leucine zipper factors (bZIP){1.1}
MA0837.1_CEBPE	Basic leucine zipper factors (bZIP){1.1}
MA0838.1_CEBPG	Basic leucine zipper factors (bZIP){1.1}
MA0637.1_CENPB	unknown
MA0819.1_CLOCK	Basic helix-loop-helix factors (bHLH){1.2}
MA0018.3_CREB1	Basic leucine zipper factors (bZIP){1.1}
MA0638.1_CREB3	Basic leucine zipper factors (bZIP){1.1}
MA0839.1_CREB3L1	Basic leucine zipper factors (bZIP){1.1}
MA0608.1_Creb3l2	Basic leucine zipper factors (bZIP){1.1}
MA0840.1_Creb5	Basic leucine zipper factors (bZIP){1.1}
MA0609.1_Crem	Basic leucine zipper factors (bZIP){1.1}
MA0467.1_Crx	Homeo domain factors{3.1}
MA0139.1_CTCF	C2H2 zinc finger factors{2.3}
MA1102.1_CTCFL	C2H2 zinc finger factors{2.3}
MA0754.1_CUX1	Homeo domain factors{3.1}
MA0755.1_CUX2	Homeo domain factors{3.1}
MA0639.1_DBP	Basic leucine zipper factors (bZIP){1.1}
MA0879.1_Dlx1	Homeo domain factors{3.1}
MA0885.1_Dlx2	Homeo domain factors{3.1}
MA0880.1_Dlx3	Homeo domain factors{3.1}
MA0881.1_Dlx4	Homeo domain factors{3.1}
MA0882.1_DLX6	Homeo domain factors{3.1}
MA0883.1_Dmbx1	Homeo domain factors{3.1}
MA0610.1_DMRT3	DM-type intertwined zinc finger factors{2.5}
MA0468.1_DUX4	Homeo domain factors{3.1}
MA0884.1_DUXA	Homeo domain factors{3.1}
MA0024.3_E2F1	Fork head / winged helix factors{3.3}
MA0864.1_E2F2	Fork head / winged helix factors{3.3}
MA0469.2_E2F3	Fork head / winged helix factors{3.3}
MA0470.1_E2F4	Fork head / winged helix factors{3.3}
MA0471.1_E2F6	Fork head / winged helix factors{3.3}
MA0758.1_E2F7	Fork head / winged helix factors{3.3}
MA0865.1_E2F8	Fork head / winged helix factors{3.3}
MA0154.3_EBF1	Rel homology region (RHR) factors{6.1}
MA0162.3_EGR1	C2H2 zinc finger factors{2.3}
MA0472.2_EGR2	C2H2 zinc finger factors{2.3}
MA0732.1_EGR3	C2H2 zinc finger factors{2.3}
MA0733.1_EGR4	C2H2 zinc finger factors{2.3}
MA0598.2_EHF	Tryptophan cluster factors{3.5}
MA0473.2_ELF1	Tryptophan cluster factors{3.5}
MA0640.1_ELF3	Tryptophan cluster factors{3.5}
MA0641.1_ELF4	Tryptophan cluster factors{3.5}
MA0136.2_ELF5	Tryptophan cluster factors{3.5}
MA0028.2_ELK1	Tryptophan cluster factors{3.5}
MA0759.1_ELK3	Tryptophan cluster factors{3.5}
MA0076.2_ELK4	Tryptophan cluster factors{3.5}
MA0612.1_EMX1	Homeo domain factors{3.1}
MA0886.1_EMX2	Homeo domain factors{3.1}
MA0027.2_EN1	Homeo domain factors{3.1}
MA0642.1_EN2	Homeo domain factors{3.1}
MA0800.1_EOMES	T-Box factors{6.5}
MA0760.1_ERF	Tryptophan cluster factors{3.5}
MA0474.2_ERG	Tryptophan cluster factors{3.5}
MA0112.3_ESR1	Nuclear receptors with C4 zinc fingers{2.1}
MA0258.2_ESR2	Nuclear receptors with C4 zinc fingers{2.1}
MA0592.2_Esrra	Nuclear receptors with C4 zinc fingers{2.1}
MA0141.3_ESRRB	Nuclear receptors with C4 zinc fingers{2.1}
MA0643.1_Esrrg	Nuclear receptors with C4 zinc fingers{2.1}
MA0644.1_ESX1	Homeo domain factors{3.1}
MA0098.3_ETS1	Tryptophan cluster factors{3.5}
MA0761.1_ETV1	Tryptophan cluster factors{3.5}
MA0762.1_ETV2	Tryptophan cluster factors{3.5}
MA0763.1_ETV3	Tryptophan cluster factors{3.5}
MA0764.1_ETV4	Tryptophan cluster factors{3.5}
MA0765.1_ETV5	Tryptophan cluster factors{3.5}
MA0645.1_ETV6	Tryptophan cluster factors{3.5}
MA0887.1_EVX1	Homeo domain factors{3.1}
MA0888.1_EVX2	Homeo domain factors{3.1}
MA0156.2_FEV	Tryptophan cluster factors{3.5}
MA0820.1_FIGLA	Basic helix-loop-helix factors (bHLH){1.2}
MA0149.1_EWSR1-FLI1	Tryptophan cluster factors{3.5}
MA0475.2_FLI1	Tryptophan cluster factors{3.5}
MA0099.3_FOS::JUN	Basic leucine zipper factors (bZIP){1.1}
MA0476.1_FOS	Basic leucine zipper factors (bZIP){1.1}
MA1126.1_FOS::JUN_var.2	Basic leucine zipper factors (bZIP){1.1}
MA1134.1_FOS::JUNB	Basic leucine zipper factors (bZIP){1.1}
MA1141.1_FOS::JUND	Basic leucine zipper factors (bZIP){1.1}
MA1127.1_FOSB::JUN	Basic leucine zipper factors (bZIP){1.1}
MA1135.1_FOSB::JUNB	Basic leucine zipper factors (bZIP){1.1}
MA1136.1_FOSB::JUNB_var.2	Basic leucine zipper factors (bZIP){1.1}
MA0477.1_FOSL1	Basic leucine zipper factors (bZIP){1.1}
MA1128.1_FOSL1::JUN	Basic leucine zipper factors (bZIP){1.1}
MA1129.1_FOSL1::JUN_var.2	Basic leucine zipper factors (bZIP){1.1}
MA1137.1_FOSL1::JUNB	Basic leucine zipper factors (bZIP){1.1}
MA1142.1_FOSL1::JUND	Basic leucine zipper factors (bZIP){1.1}
MA1143.1_FOSL1::JUND_var.2	Basic leucine zipper factors (bZIP){1.1}
MA0478.1_FOSL2	Basic leucine zipper factors (bZIP){1.1}
MA1130.1_FOSL2::JUN	Basic leucine zipper factors (bZIP){1.1}
MA1131.1_FOSL2::JUN_var.2	Basic leucine zipper factors (bZIP){1.1}
MA1138.1_FOSL2::JUNB	Basic leucine zipper factors (bZIP){1.1}
MA1139.1_FOSL2::JUNB_var.2	Basic leucine zipper factors (bZIP){1.1}
MA1144.1_FOSL2::JUND	Basic leucine zipper factors (bZIP){1.1}
MA1145.1_FOSL2::JUND_var.2	Basic leucine zipper factors (bZIP){1.1}
MA0148.3_FOXA1	Fork head / winged helix factors{3.3}
MA0047.2_Foxa2	Fork head / winged helix factors{3.3}
MA0845.1_FOXB1	Fork head / winged helix factors{3.3}
MA0032.2_FOXC1	Fork head / winged helix factors{3.3}
MA0846.1_FOXC2	Fork head / winged helix factors{3.3}
MA0031.1_FOXD1	Fork head / winged helix factors{3.3}
MA0847.1_FOXD2	Fork head / winged helix factors{3.3}
MA0041.1_Foxd3	Fork head / winged helix factors{3.3}
MA0030.1_FOXF2	Fork head / winged helix factors{3.3}
MA0613.1_FOXG1	Fork head / winged helix factors{3.3}
MA0479.1_FOXH1	Fork head / winged helix factors{3.3}
MA0042.2_FOXI1	Fork head / winged helix factors{3.3}
MA0614.1_Foxj2	Fork head / winged helix factors{3.3}
MA0851.1_Foxj3	Fork head / winged helix factors{3.3}
MA0852.2_FOXK1	Fork head / winged helix factors{3.3}
MA1103.1_FOXK2	Fork head / winged helix factors{3.3}
MA0033.2_FOXL1	Fork head / winged helix factors{3.3}
MA0480.1_Foxo1	Fork head / winged helix factors{3.3}
MA0157.2_FOXO3	Fork head / winged helix factors{3.3}
MA0848.1_FOXO4	Fork head / winged helix factors{3.3}
MA0849.1_FOXO6	Fork head / winged helix factors{3.3}
MA0481.2_FOXP1	Fork head / winged helix factors{3.3}
MA0593.1_FOXP2	Fork head / winged helix factors{3.3}
MA0850.1_FOXP3	Fork head / winged helix factors{3.3}
MA0040.1_Foxq1	Fork head / winged helix factors{3.3}
MA0062.2_Gabpa	Tryptophan cluster factors{3.5}
MA0035.3_Gata1	Other C4 zinc finger-type factors{2.2}
MA0140.2_GATA1::TAL1	ambiguous
MA0036.3_GATA2	Other C4 zinc finger-type factors{2.2}
MA0037.3_GATA3	Other C4 zinc finger-type factors{2.2}
MA0482.1_Gata4	Other C4 zinc finger-type factors{2.2}
MA0766.1_GATA5	Other C4 zinc finger-type factors{2.2}
MA1104.1_GATA6	Other C4 zinc finger-type factors{2.2}
MA0889.1_GBX1	Homeo domain factors{3.1}
MA0890.1_GBX2	Homeo domain factors{3.1}
MA0646.1_GCM1	GCM domain factors{7.2}
MA0767.1_GCM2	GCM domain factors{7.2}
MA0038.1_Gfi1	C2H2 zinc finger factors{2.3}
MA0483.1_Gfi1b	C2H2 zinc finger factors{2.3}
MA0734.1_GLI2	C2H2 zinc finger factors{2.3}
MA0735.1_GLIS1	C2H2 zinc finger factors{2.3}
MA0736.1_GLIS2	C2H2 zinc finger factors{2.3}
MA0737.1_GLIS3	C2H2 zinc finger factors{2.3}
MA0615.1_Gmeb1	SAND domain factors{5.3}
MA0862.1_GMEB2	SAND domain factors{5.3}
MA0647.1_GRHL1	Grainyhead domain factors{6.7}
MA1105.1_GRHL2	Grainyhead domain factors{6.7}
MA0648.1_GSC	Homeo domain factors{3.1}
MA0891.1_GSC2	Homeo domain factors{3.1}
MA0892.1_GSX1	Homeo domain factors{3.1}
MA0893.1_GSX2	Homeo domain factors{3.1}
MA0092.1_Hand1::Tcf3	Basic helix-loop-helix factors (bHLH){1.2}
MA1099.1_Hes1	Basic helix-loop-helix factors (bHLH){1.2}
MA0616.1_Hes2	Basic helix-loop-helix factors (bHLH){1.2}
MA0821.1_HES5	Basic helix-loop-helix factors (bHLH){1.2}
MA0822.1_HES7	Basic helix-loop-helix factors (bHLH){1.2}
MA0894.1_HESX1	Homeo domain factors{3.1}
MA0823.1_HEY1	Basic helix-loop-helix factors (bHLH){1.2}
MA0649.1_HEY2	Basic helix-loop-helix factors (bHLH){1.2}
MA0739.1_Hic1	C2H2 zinc finger factors{2.3}
MA0738.1_HIC2	C2H2 zinc finger factors{2.3}
MA1106.1_HIF1A	Basic helix-loop-helix factors (bHLH){1.2}
MA0131.2_HINFP	C2H2 zinc finger factors{2.3}
MA0043.2_HLF	Basic leucine zipper factors (bZIP){1.1}
MA0109.1_HLTF	unknown
MA0895.1_HMBOX1	Homeo domain factors{3.1}
MA0896.1_Hmx1	Homeo domain factors{3.1}
MA0897.1_Hmx2	Homeo domain factors{3.1}
MA0898.1_Hmx3	Homeo domain factors{3.1}
MA0046.2_HNF1A	Homeo domain factors{3.1}
MA0153.2_HNF1B	Homeo domain factors{3.1}
MA0114.3_Hnf4a	Nuclear receptors with C4 zinc fingers{2.1}
MA0484.1_HNF4G	Nuclear receptors with C4 zinc fingers{2.1}
MA0899.1_HOXA10	Homeo domain factors{3.1}
MA0911.1_Hoxa11	Homeo domain factors{3.1}
MA0650.1_HOXA13	Homeo domain factors{3.1}
MA0900.1_HOXA2	Homeo domain factors{3.1}
MA0158.1_HOXA5	Homeo domain factors{3.1}
MA0594.1_Hoxa9	Homeo domain factors{3.1}
MA0901.1_HOXB13	Homeo domain factors{3.1}
MA0902.1_HOXB2	Homeo domain factors{3.1}
MA0903.1_HOXB3	Homeo domain factors{3.1}
MA0904.1_Hoxb5	Homeo domain factors{3.1}
MA0905.1_HOXC10	Homeo domain factors{3.1}
MA0651.1_HOXC11	Homeo domain factors{3.1}
MA0906.1_HOXC12	Homeo domain factors{3.1}
MA0907.1_HOXC13	Homeo domain factors{3.1}
MA0485.1_Hoxc9	Homeo domain factors{3.1}
MA0908.1_HOXD11	Homeo domain factors{3.1}
MA0873.1_HOXD12	Homeo domain factors{3.1}
MA0909.1_HOXD13	Homeo domain factors{3.1}
MA0912.1_Hoxd3	Homeo domain factors{3.1}
MA0910.1_Hoxd8	Homeo domain factors{3.1}
MA0913.1_Hoxd9	Homeo domain factors{3.1}
MA0486.2_HSF1	Heat shock factors{3.4}
MA0770.1_HSF2	Heat shock factors{3.4}
MA0771.1_HSF4	Heat shock factors{3.4}
MA0617.1_Id2	Basic helix-loop-helix factors (bHLH){1.2}
MA0824.1_ID4	Basic helix-loop-helix factors (bHLH){1.2}
MA0155.1_INSM1	C2H2 zinc finger factors{2.3}
MA0050.2_IRF1	Tryptophan cluster factors{3.5}
MA0051.1_IRF2	Tryptophan cluster factors{3.5}
MA1418.1_IRF3	Tryptophan cluster factors{3.5}
MA1419.1_IRF4	Tryptophan cluster factors{3.5}
MA1420.1_IRF5	Tryptophan cluster factors{3.5}
MA0772.1_IRF7	Tryptophan cluster factors{3.5}
MA0652.1_IRF8	Tryptophan cluster factors{3.5}
MA0653.1_IRF9	Tryptophan cluster factors{3.5}
MA0914.1_ISL2	Homeo domain factors{3.1}
MA0654.1_ISX	Homeo domain factors{3.1}
MA0655.1_JDP2	Basic leucine zipper factors (bZIP){1.1}
MA0656.1_JDP2_var.2	Basic leucine zipper factors (bZIP){1.1}
MA0488.1_JUN	Basic leucine zipper factors (bZIP){1.1}
MA0489.1_JUN_var.2	Basic leucine zipper factors (bZIP){1.1}
MA1132.1_JUN::JUNB	Basic leucine zipper factors (bZIP){1.1}
MA1133.1_JUN::JUNB_var.2	Basic leucine zipper factors (bZIP){1.1}
MA0490.1_JUNB	Basic leucine zipper factors (bZIP){1.1}
MA1140.1_JUNB_var.2	Basic leucine zipper factors (bZIP){1.1}
MA0491.1_JUND	Basic leucine zipper factors (bZIP){1.1}
MA0492.1_JUND_var.2	Basic leucine zipper factors (bZIP){1.1}
MA0493.1_Klf1	C2H2 zinc finger factors{2.3}
MA0742.1_Klf12	C2H2 zinc finger factors{2.3}
MA0657.1_KLF13	C2H2 zinc finger factors{2.3}
MA0740.1_KLF14	C2H2 zinc finger factors{2.3}
MA0741.1_KLF16	C2H2 zinc finger factors{2.3}
MA0039.3_KLF4	C2H2 zinc finger factors{2.3}
MA0599.1_KLF5	C2H2 zinc finger factors{2.3}
MA1107.1_KLF9	C2H2 zinc finger factors{2.3}
MA0618.1_LBX1	Homeo domain factors{3.1}
MA0699.1_LBX2	Homeo domain factors{3.1}
MA0768.1_LEF1	High-mobility group (HMG) domain factors{4.1}
MA0700.1_LHX2	Homeo domain factors{3.1}
MA0135.1_Lhx3	Homeo domain factors{3.1}
MA0704.1_Lhx4	Homeo domain factors{3.1}
MA0658.1_LHX6	Homeo domain factors{3.1}
MA0705.1_Lhx8	Homeo domain factors{3.1}
MA0701.1_LHX9	Homeo domain factors{3.1}
MA0619.1_LIN54	unknown
MA0702.1_LMX1A	Homeo domain factors{3.1}
MA0703.1_LMX1B	Homeo domain factors{3.1}
MA0501.1_MAF::NFE2	Basic leucine zipper factors (bZIP){1.1}
MA0117.2_Mafb	Basic leucine zipper factors (bZIP){1.1}
MA0495.2_MAFF	Basic leucine zipper factors (bZIP){1.1}
MA0089.1_MAFG::NFE2L1	Basic leucine zipper factors (bZIP){1.1}
MA0659.1_MAFG	Basic leucine zipper factors (bZIP){1.1}
MA0496.2_MAFK	Basic leucine zipper factors (bZIP){1.1}
MA0058.3_MAX	Basic helix-loop-helix factors (bHLH){1.2}
MA0059.1_MAX::MYC	Basic helix-loop-helix factors (bHLH){1.2}
MA0029.1_Mecom	C2H2 zinc finger factors{2.3}
MA0052.3_MEF2A	MADS box factors{5.1}
MA0660.1_MEF2B	MADS box factors{5.1}
MA0497.1_MEF2C	MADS box factors{5.1}
MA0773.1_MEF2D	MADS box factors{5.1}
MA0498.2_MEIS1	Homeo domain factors{3.1}
MA0774.1_MEIS2	Homeo domain factors{3.1}
MA0775.1_MEIS3	Homeo domain factors{3.1}
MA0661.1_MEOX1	Homeo domain factors{3.1}
MA0706.1_MEOX2	Homeo domain factors{3.1}
MA0801.1_MGA	ambiguous
MA0620.2_MITF	Basic helix-loop-helix factors (bHLH){1.2}
MA0662.1_MIXL1	Homeo domain factors{3.1}
MA0663.1_MLX	Basic helix-loop-helix factors (bHLH){1.2}
MA0622.1_Mlxip	Basic helix-loop-helix factors (bHLH){1.2}
MA0664.1_MLXIPL	Basic helix-loop-helix factors (bHLH){1.2}
MA0825.1_MNT	Basic helix-loop-helix factors (bHLH){1.2}
MA0707.1_MNX1	Homeo domain factors{3.1}
MA0665.1_MSC	Basic helix-loop-helix factors (bHLH){1.2}
MA0666.1_MSX1	Homeo domain factors{3.1}
MA0708.1_MSX2	Homeo domain factors{3.1}
MA0863.1_MTF1	C2H2 zinc finger factors{2.3}
MA1108.1_MXI1	Basic helix-loop-helix factors (bHLH){1.2}
MA0100.3_MYB	Tryptophan cluster factors{3.5}
MA0776.1_MYBL1	Tryptophan cluster factors{3.5}
MA0777.1_MYBL2	Tryptophan cluster factors{3.5}
MA0147.3_MYC	Basic helix-loop-helix factors (bHLH){1.2}
MA0104.4_MYCN	Basic helix-loop-helix factors (bHLH){1.2}
MA0667.1_MYF6	Basic helix-loop-helix factors (bHLH){1.2}
MA0499.1_Myod1	Basic helix-loop-helix factors (bHLH){1.2}
MA0500.1_Myog	Basic helix-loop-helix factors (bHLH){1.2}
MA0056.1_MZF1	C2H2 zinc finger factors{2.3}
MA0057.1_MZF1_var.2	C2H2 zinc finger factors{2.3}
MA1109.1_NEUROD1	Basic helix-loop-helix factors (bHLH){1.2}
MA0668.1_NEUROD2	Basic helix-loop-helix factors (bHLH){1.2}
MA0623.1_Neurog1	Basic helix-loop-helix factors (bHLH){1.2}
MA0669.1_NEUROG2	Basic helix-loop-helix factors (bHLH){1.2}
MA0606.1_NFAT5	Rel homology region (RHR) factors{6.1}
MA0624.1_NFATC1	Rel homology region (RHR) factors{6.1}
MA0152.1_NFATC2	Rel homology region (RHR) factors{6.1}
MA0625.1_NFATC3	Rel homology region (RHR) factors{6.1}
MA0841.1_NFE2	Basic leucine zipper factors (bZIP){1.1}
MA0150.2_Nfe2l2	Basic leucine zipper factors (bZIP){1.1}
MA0670.1_NFIA	SMAD/NF-1 DNA-binding domain factors{7.1}
MA0119.1_NFIC::TLX1	ambiguous
MA0161.2_NFIC	SMAD/NF-1 DNA-binding domain factors{7.1}
MA0025.1_NFIL3	Basic leucine zipper factors (bZIP){1.1}
MA0671.1_NFIX	SMAD/NF-1 DNA-binding domain factors{7.1}
MA0105.4_NFKB1	Rel homology region (RHR) factors{6.1}
MA0778.1_NFKB2	Rel homology region (RHR) factors{6.1}
MA0060.3_NFYA	Heteromeric CCAAT-binding factors{4.2}
MA0502.1_NFYB	Heteromeric CCAAT-binding factors{4.2}
MA0048.2_NHLH1	Basic helix-loop-helix factors (bHLH){1.2}
MA0672.1_NKX2-3	Homeo domain factors{3.1}
MA0063.1_Nkx2-5	Homeo domain factors{3.1}
MA0503.1_Nkx2-5_var.2	Homeo domain factors{3.1}
MA0673.1_NKX2-8	Homeo domain factors{3.1}
MA0124.2_Nkx3-1	Homeo domain factors{3.1}
MA0122.2_NKX3-2	Homeo domain factors{3.1}
MA0674.1_NKX6-1	Homeo domain factors{3.1}
MA0675.1_NKX6-2	Homeo domain factors{3.1}
MA0125.1_Nobox	Homeo domain factors{3.1}
MA0710.1_NOTO	Homeo domain factors{3.1}
MA0626.1_Npas2	Basic helix-loop-helix factors (bHLH){1.2}
MA0115.1_NR1H2::RXRA	Nuclear receptors with C4 zinc fingers{2.1}
MA0494.1_Nr1h3::Rxra	Nuclear receptors with C4 zinc fingers{2.1}
MA1110.1_NR1H4	Nuclear receptors with C4 zinc fingers{2.1}
MA1146.1_NR1A4::RXRA	Nuclear receptors with C4 zinc fingers{2.1}
MA0504.1_NR2C2	Nuclear receptors with C4 zinc fingers{2.1}
MA0676.1_Nr2e1	Nuclear receptors with C4 zinc fingers{2.1}
MA0164.1_Nr2e3	Nuclear receptors with C4 zinc fingers{2.1}
MA0017.2_NR2F1	Nuclear receptors with C4 zinc fingers{2.1}
MA1111.1_NR2F2	Nuclear receptors with C4 zinc fingers{2.1}
MA0677.1_Nr2f6	Nuclear receptors with C4 zinc fingers{2.1}
MA0728.1_Nr2f6_var.2	Nuclear receptors with C4 zinc fingers{2.1}
MA0113.3_NR3C1	Nuclear receptors with C4 zinc fingers{2.1}
MA0727.1_NR3C2	Nuclear receptors with C4 zinc fingers{2.1}
MA1112.1_NR4A1	Nuclear receptors with C4 zinc fingers{2.1}
MA0160.1_NR4A2	Nuclear receptors with C4 zinc fingers{2.1}
MA1147.1_NR4A2::RXRA	Nuclear receptors with C4 zinc fingers{2.1}
MA0505.1_Nr5a2	Nuclear receptors with C4 zinc fingers{2.1}
MA0506.1_NRF1	Uncharacterized{0.0}
MA0842.1_NRL	Basic leucine zipper factors (bZIP){1.1}
MA0826.1_OLIG1	Basic helix-loop-helix factors (bHLH){1.2}
MA0678.1_OLIG2	Basic helix-loop-helix factors (bHLH){1.2}
MA0827.1_OLIG3	Basic helix-loop-helix factors (bHLH){1.2}
MA0679.1_ONECUT1	Homeo domain factors{3.1}
MA0756.1_ONECUT2	Homeo domain factors{3.1}
MA0757.1_ONECUT3	Homeo domain factors{3.1}
MA0711.1_OTX1	Homeo domain factors{3.1}
MA0712.1_OTX2	Homeo domain factors{3.1}
MA0779.1_PAX1	Paired box factors{3.2}
MA0067.1_Pax2	Paired box factors{3.2}
MA0780.1_PAX3	Paired box factors{3.2}
MA0068.2_PAX4	Paired box factors{3.2}
MA0014.3_PAX5	Paired box factors{3.2}
MA0069.1_Pax6	Paired box factors{3.2}
MA0680.1_PAX7	Paired box factors{3.2}
MA0781.1_PAX9	Paired box factors{3.2}
MA0070.1_PBX1	Homeo domain factors{3.1}
MA1113.1_PBX2	Homeo domain factors{3.1}
MA1114.1_PBX3	Homeo domain factors{3.1}
MA0132.2_PDX1	Homeo domain factors{3.1}
MA0713.1_PHOX2A	Homeo domain factors{3.1}
MA0681.1_Phox2b	Homeo domain factors{3.1}
MA0682.1_Pitx1	Homeo domain factors{3.1}
MA0714.1_PITX3	Homeo domain factors{3.1}
MA0782.1_PKNOX1	Homeo domain factors{3.1}
MA0783.1_PKNOX2	Homeo domain factors{3.1}
MA0163.1_PLAG1	C2H2 zinc finger factors{2.3}
MA0784.1_POU1F1	Homeo domain factors{3.1}
MA0785.1_POU2F1	Homeo domain factors{3.1}
MA0507.1_POU2F2	Homeo domain factors{3.1}
MA0627.1_Pou2f3	Homeo domain factors{3.1}
MA0786.1_POU3F1	Homeo domain factors{3.1}
MA0787.1_POU3F2	Homeo domain factors{3.1}
MA0788.1_POU3F3	Homeo domain factors{3.1}
MA0789.1_POU3F4	Homeo domain factors{3.1}
MA0790.1_POU4F1	Homeo domain factors{3.1}
MA0683.1_POU4F2	Homeo domain factors{3.1}
MA0791.1_POU4F3	Homeo domain factors{3.1}
MA0142.1_Pou5f1::Sox2	ambiguous
MA1115.1_POU5F1	Homeo domain factors{3.1}
MA0792.1_POU5F1B	Homeo domain factors{3.1}
MA0628.1_POU6F1	Homeo domain factors{3.1}
MA0793.1_POU6F2	Homeo domain factors{3.1}
MA1148.1_PPARA::RXRA	Nuclear receptors with C4 zinc fingers{2.1}
MA0065.2_Pparg::Rxra	Nuclear receptors with C4 zinc fingers{2.1}
MA0066.1_PPARG	Nuclear receptors with C4 zinc fingers{2.1}
MA0508.2_PRDM1	C2H2 zinc finger factors{2.3}
MA0715.1_PROP1	Homeo domain factors{3.1}
MA0794.1_PROX1	Homeo domain factors{3.1}
MA0716.1_PRRX1	Homeo domain factors{3.1}
MA0075.2_Prrx2	Homeo domain factors{3.1}
MA0159.1_RARA::RXRA	Nuclear receptors with C4 zinc fingers{2.1}
MA0729.1_RARA	Nuclear receptors with C4 zinc fingers{2.1}
MA0730.1_RARA_var.2	Nuclear receptors with C4 zinc fingers{2.1}
MA1149.1_RARA::RXRG	Nuclear receptors with C4 zinc fingers{2.1}
MA0857.1_Rarb	Nuclear receptors with C4 zinc fingers{2.1}
MA0858.1_Rarb_var.2	Nuclear receptors with C4 zinc fingers{2.1}
MA0859.1_Rarg	Nuclear receptors with C4 zinc fingers{2.1}
MA0860.1_Rarg_var.2	Nuclear receptors with C4 zinc fingers{2.1}
MA0718.1_RAX	Homeo domain factors{3.1}
MA0717.1_RAX2	Homeo domain factors{3.1}
MA1116.1_RBPJ	Rel homology region (RHR) factors{6.1}
MA0101.1_REL	Rel homology region (RHR) factors{6.1}
MA0107.1_RELA	Rel homology region (RHR) factors{6.1}
MA1117.1_RELB	Rel homology region (RHR) factors{6.1}
MA0138.2_REST	C2H2 zinc finger factors{2.3}
MA0509.1_Rfx1	Fork head / winged helix factors{3.3}
MA0600.2_RFX2	Fork head / winged helix factors{3.3}
MA0798.1_RFX3	Fork head / winged helix factors{3.3}
MA0799.1_RFX4	Fork head / winged helix factors{3.3}
MA0510.2_RFX5	Fork head / winged helix factors{3.3}
MA0719.1_RHOXF1	Homeo domain factors{3.1}
MA0071.1_RORA	Nuclear receptors with C4 zinc fingers{2.1}
MA0072.1_RORA_var.2	Nuclear receptors with C4 zinc fingers{2.1}
MA1150.1_RORB	Nuclear receptors with C4 zinc fingers{2.1}
MA1151.1_RORC	Nuclear receptors with C4 zinc fingers{2.1}
MA0073.1_RREB1	C2H2 zinc finger factors{2.3}
MA0002.2_RUNX1	Runt domain factors{6.4}
MA0511.2_RUNX2	Runt domain factors{6.4}
MA0684.1_RUNX3	Runt domain factors{6.4}
MA0074.1_RXRA::VDR	Nuclear receptors with C4 zinc fingers{2.1}
MA0512.2_Rxra	Nuclear receptors with C4 zinc fingers{2.1}
MA0855.1_RXRB	Nuclear receptors with C4 zinc fingers{2.1}
MA0856.1_RXRG	Nuclear receptors with C4 zinc fingers{2.1}
MA0743.1_SCRT1	C2H2 zinc finger factors{2.3}
MA0744.1_SCRT2	C2H2 zinc finger factors{2.3}
MA0630.1_SHOX	Homeo domain factors{3.1}
MA0720.1_Shox2	Homeo domain factors{3.1}
MA1118.1_SIX1	Homeo domain factors{3.1}
MA1119.1_SIX2	Homeo domain factors{3.1}
MA0631.1_Six3	Homeo domain factors{3.1}
MA0513.1_SMAD2::SMAD3::SMAD4	SMAD/NF-1 DNA-binding domain factors{7.1}
MA0795.1_SMAD3	SMAD/NF-1 DNA-binding domain factors{7.1}
MA1153.1_Smad4	SMAD/NF-1 DNA-binding domain factors{7.1}
MA0745.1_SNAI2	C2H2 zinc finger factors{2.3}
MA0870.1_Sox1	High-mobility group (HMG) domain factors{4.1}
MA0442.2_SOX10	High-mobility group (HMG) domain factors{4.1}
MA0869.1_Sox11	High-mobility group (HMG) domain factors{4.1}
MA1120.1_SOX13	High-mobility group (HMG) domain factors{4.1}
MA1152.1_SOX15	High-mobility group (HMG) domain factors{4.1}
MA0078.1_Sox17	High-mobility group (HMG) domain factors{4.1}
MA0143.3_Sox2	High-mobility group (HMG) domain factors{4.1}
MA0866.1_SOX21	High-mobility group (HMG) domain factors{4.1}
MA0514.1_Sox3	High-mobility group (HMG) domain factors{4.1}
MA0867.1_SOX4	High-mobility group (HMG) domain factors{4.1}
MA0087.1_Sox5	High-mobility group (HMG) domain factors{4.1}
MA0515.1_Sox6	High-mobility group (HMG) domain factors{4.1}
MA0868.1_SOX8	High-mobility group (HMG) domain factors{4.1}
MA0077.1_SOX9	High-mobility group (HMG) domain factors{4.1}
MA0079.3_SP1	C2H2 zinc finger factors{2.3}
MA0516.1_SP2	C2H2 zinc finger factors{2.3}
MA0746.1_SP3	C2H2 zinc finger factors{2.3}
MA0685.1_SP4	C2H2 zinc finger factors{2.3}
MA0747.1_SP8	C2H2 zinc finger factors{2.3}
MA0686.1_SPDEF	Tryptophan cluster factors{3.5}
MA0080.4_SPI1	Tryptophan cluster factors{3.5}
MA0081.1_SPIB	Tryptophan cluster factors{3.5}
MA0687.1_SPIC	Tryptophan cluster factors{3.5}
MA0111.1_Spz1	unknown
MA0595.1_SREBF1	Basic helix-loop-helix factors (bHLH){1.2}
MA0829.1_Srebf1_var.2	Basic helix-loop-helix factors (bHLH){1.2}
MA0596.1_SREBF2	Basic helix-loop-helix factors (bHLH){1.2}
MA0828.1_SREBF2_var.2	Basic helix-loop-helix factors (bHLH){1.2}
MA0083.3_SRF	MADS box factors{5.1}
MA0084.1_SRY	High-mobility group (HMG) domain factors{4.1}
MA0137.3_STAT1	STAT domain factors{6.2}
MA0517.1_STAT1::STAT2	STAT domain factors{6.2}
MA0144.2_STAT3	STAT domain factors{6.2}
MA0518.1_Stat4	STAT domain factors{6.2}
MA0519.1_Stat5a::Stat5b	STAT domain factors{6.2}
MA0520.1_Stat6	STAT domain factors{6.2}
MA0091.1_TAL1::TCF3	Basic helix-loop-helix factors (bHLH){1.2}
MA0108.2_TBP	TATA-binding proteins{8.1}
MA0802.1_TBR1	T-Box factors{6.5}
MA0805.1_TBX1	T-Box factors{6.5}
MA0803.1_TBX15	T-Box factors{6.5}
MA0804.1_TBX19	T-Box factors{6.5}
MA0688.1_TBX2	T-Box factors{6.5}
MA0689.1_TBX20	T-Box factors{6.5}
MA0690.1_TBX21	T-Box factors{6.5}
MA0806.1_TBX4	T-Box factors{6.5}
MA0807.1_TBX5	T-Box factors{6.5}
MA0009.2_T	T-Box factors{6.5}
MA0521.1_Tcf12	Basic helix-loop-helix factors (bHLH){1.2}
MA0832.1_Tcf21	Basic helix-loop-helix factors (bHLH){1.2}
MA0522.2_TCF3	Basic helix-loop-helix factors (bHLH){1.2}
MA0830.1_TCF4	Basic helix-loop-helix factors (bHLH){1.2}
MA0769.1_Tcf7	High-mobility group (HMG) domain factors{4.1}
MA1421.1_TCF7L1	High-mobility group (HMG) domain factors{4.1}
MA0523.1_TCF7L2	High-mobility group (HMG) domain factors{4.1}
MA0632.1_Tcfl5	Basic helix-loop-helix factors (bHLH){1.2}
MA0090.2_TEAD1	TEA domain factors{3.6}
MA1121.1_TEAD2	TEA domain factors{3.6}
MA0808.1_TEAD3	TEA domain factors{3.6}
MA0809.1_TEAD4	TEA domain factors{3.6}
MA0843.1_TEF	Basic leucine zipper factors (bZIP){1.1}
MA0003.3_TFAP2A	Basic helix-span-helix factors (bHSH){1.3}
MA0810.1_TFAP2A_var.2	Basic helix-span-helix factors (bHSH){1.3}
MA0872.1_TFAP2A_var.3	Basic helix-span-helix factors (bHSH){1.3}
MA0811.1_TFAP2B	Basic helix-span-helix factors (bHSH){1.3}
MA0812.1_TFAP2B_var.2	Basic helix-span-helix factors (bHSH){1.3}
MA0813.1_TFAP2B_var.3	Basic helix-span-helix factors (bHSH){1.3}
MA0524.2_TFAP2C	Basic helix-span-helix factors (bHSH){1.3}
MA0814.1_TFAP2C_var.2	Basic helix-span-helix factors (bHSH){1.3}
MA0815.1_TFAP2C_var.3	Basic helix-span-helix factors (bHSH){1.3}
MA0691.1_TFAP4	Basic helix-loop-helix factors (bHLH){1.2}
MA0145.3_TFCP2	Grainyhead domain factors{6.7}
MA1122.1_TFDP1	Fork head / winged helix factors{3.3}
MA0831.2_TFE3	Basic helix-loop-helix factors (bHLH){1.2}
MA0692.1_TFEB	Basic helix-loop-helix factors (bHLH){1.2}
MA0871.1_TFEC	Basic helix-loop-helix factors (bHLH){1.2}
MA0796.1_TGIF1	Homeo domain factors{3.1}
MA0797.1_TGIF2	Homeo domain factors{3.1}
MA0597.1_THAP1	C2CH THAP-type zinc finger factors{2.9}
MA0106.3_TP53	p53 domain factors{6.3}
MA0525.2_TP63	p53 domain factors{6.3}
MA0861.1_TP73	p53 domain factors{6.3}
MA1123.1_TWIST1	Basic helix-loop-helix factors (bHLH){1.2}
MA0633.1_Twist2	Basic helix-loop-helix factors (bHLH){1.2}
MA0721.1_UNCX	Homeo domain factors{3.1}
MA0093.2_USF1	Basic helix-loop-helix factors (bHLH){1.2}
MA0526.2_USF2	Basic helix-loop-helix factors (bHLH){1.2}
MA0722.1_VAX1	Homeo domain factors{3.1}
MA0723.1_VAX2	Homeo domain factors{3.1}
MA0693.2_VDR	Nuclear receptors with C4 zinc fingers{2.1}
MA0724.1_VENTX	Homeo domain factors{3.1}
MA0725.1_VSX1	Homeo domain factors{3.1}
MA0726.1_VSX2	Homeo domain factors{3.1}
MA0844.1_XBP1	Basic leucine zipper factors (bZIP){1.1}
MA0095.2_YY1	C2H2 zinc finger factors{2.3}
MA0748.1_YY2	C2H2 zinc finger factors{2.3}
MA0749.1_ZBED1	C2H2 zinc finger factors{2.3}
MA0698.1_ZBTB18	C2H2 zinc finger factors{2.3}
MA0527.1_ZBTB33	C2H2 zinc finger factors{2.3}
MA0750.2_ZBTB7A	C2H2 zinc finger factors{2.3}
MA0694.1_ZBTB7B	C2H2 zinc finger factors{2.3}
MA0695.1_ZBTB7C	C2H2 zinc finger factors{2.3}
MA0103.3_ZEB1	Homeo domain factors{3.1}
MA0146.2_Zfx	C2H2 zinc finger factors{2.3}
MA0696.1_ZIC1	C2H2 zinc finger factors{2.3}
MA0697.1_ZIC3	C2H2 zinc finger factors{2.3}
MA0751.1_ZIC4	C2H2 zinc finger factors{2.3}
MA0088.2_ZNF143	C2H2 zinc finger factors{2.3}
MA1124.1_ZNF24	C2H2 zinc finger factors{2.3}
MA0528.1_ZNF263	C2H2 zinc finger factors{2.3}
MA1154.1_ZNF282	C2H2 zinc finger factors{2.3}
MA0130.1_ZNF354C	C2H2 zinc finger factors{2.3}
MA1125.1_ZNF384	C2H2 zinc finger factors{2.3}
MA0752.1_ZNF410	C2H2 zinc finger factors{2.3}
MA0116.1_Znf423	C2H2 zinc finger factors{2.3}
MA0753.1_ZNF740	C2H2 zinc finger factors{2.3}
MA1155.1_ZSCAN4	C2H2 zinc finger factors{2.3}
